datetime,site_id,observation,variable
2023-01-01T16:00:00Z,CANN,25.087499856948853,Air Temperature Avg
2022-12-31T16:00:00Z,CANN,23.518750190734863,Air Temperature Avg
2023-01-02T16:00:00Z,CANN,26.670833349227905,Air Temperature Avg
2023-01-03T16:00:00Z,CANN,27.40833330154419,Air Temperature Avg
2023-01-04T16:00:00Z,CANN,29.737499952316284,Air Temperature Avg
2023-01-05T16:00:00Z,CANN,25.387500127156574,Air Temperature Avg
2023-01-06T16:00:00Z,CANN,19.93749992052714,Air Temperature Avg
2023-01-08T16:00:00Z,CANN,27.03333330154419,Air Temperature Avg
2023-01-07T16:00:00Z,CANN,22.237499872843426,Air Temperature Avg
2023-01-12T16:00:00Z,CANN,22.987499872843426,Air Temperature Avg
2023-01-11T16:00:00Z,CANN,23.625,Air Temperature Avg
2023-01-17T16:00:00Z,CANN,24.06249992052714,Air Temperature Avg
2023-01-09T16:00:00Z,CANN,26.179166396458943,Air Temperature Avg
2023-01-14T16:00:00Z,CANN,22.991666714350384,Air Temperature Avg
2023-01-13T16:00:00Z,CANN,23.358333309491474,Air Temperature Avg
2023-01-10T16:00:00Z,CANN,22.191666682561237,Air Temperature Avg
2023-01-16T16:00:00Z,CANN,20.93333327770233,Air Temperature Avg
2023-01-15T16:00:00Z,CANN,20.479166587193806,Air Temperature Avg
2024-01-14T16:00:00Z,CANN,27.063636606389824,Air Temperature Avg
2024-01-13T16:00:00Z,CANN,31.181818181818183,Air Temperature Avg
2024-01-15T16:00:00Z,CANN,29.845454476096414,Air Temperature Avg
2024-01-16T16:00:00Z,CANN,26.859091065146707,Air Temperature Avg
2024-01-17T16:00:00Z,CANN,23.768181800842285,Air Temperature Avg
2023-01-18T16:00:00Z,CANN,26.65833346048991,Air Temperature Avg
2023-01-19T16:00:00Z,CANN,28.91249982515971,Air Temperature Avg
2023-01-20T16:00:00Z,CANN,31.300000190734863,Air Temperature Avg
2023-01-21T16:00:00Z,CANN,26.93333347638448,Air Temperature Avg
2023-01-26T16:00:00Z,CANN,21.9291668732961,Air Temperature Avg
2023-01-25T16:00:00Z,CANN,24.90416653951009,Air Temperature Avg
2023-01-22T16:00:00Z,CANN,26.16250006357829,Air Temperature Avg
2023-01-23T16:00:00Z,CANN,25.56249992052714,Air Temperature Avg
2023-01-24T16:00:00Z,CANN,25.1208332379659,Air Temperature Avg
2023-02-15T16:00:00Z,CANN,20.55833347638448,Air Temperature Avg
2023-02-14T16:00:00Z,CANN,21.25416644414266,Air Temperature Avg
2023-02-19T16:00:00Z,CANN,28.58333357175191,Air Temperature Avg
2023-02-18T16:00:00Z,CANN,27.270833412806194,Air Temperature Avg
2023-02-20T16:00:00Z,CANN,25.6208332379659,Air Temperature Avg
2023-01-30T16:00:00Z,CANN,28.808333317438763,Air Temperature Avg
2023-01-29T16:00:00Z,CANN,30.68749984105428,Air Temperature Avg
2023-02-01T16:00:00Z,CANN,25.66249990463257,Air Temperature Avg
2023-01-31T16:00:00Z,CANN,25.195833285649616,Air Temperature Avg
2023-01-28T16:00:00Z,CANN,28.979166587193806,Air Temperature Avg
2023-01-27T16:00:00Z,CANN,23.362499952316284,Air Temperature Avg
2023-02-06T16:00:00Z,CANN,22.85000006357829,Air Temperature Avg
2023-02-05T16:00:00Z,CANN,23.083333333333332,Air Temperature Avg
2023-02-08T16:00:00Z,CANN,24.53749990463257,Air Temperature Avg
2023-02-07T16:00:00Z,CANN,24.170833428700764,Air Temperature Avg
2023-02-02T16:00:00Z,CANN,27.68749992052714,Air Temperature Avg
2023-02-03T16:00:00Z,CANN,30.862499713897705,Air Temperature Avg
2023-02-04T16:00:00Z,CANN,27.1291667620341,Air Temperature Avg
2023-02-12T16:00:00Z,CANN,26.71666677792867,Air Temperature Avg
2023-02-11T16:00:00Z,CANN,24.43333347638448,Air Temperature Avg
2023-02-09T16:00:00Z,CANN,23.116666475931805,Air Temperature Avg
2023-02-13T16:00:00Z,CANN,22.208333333333332,Air Temperature Avg
2023-02-10T16:00:00Z,CANN,21.275000135103863,Air Temperature Avg
2023-02-17T16:00:00Z,CANN,26.054166555404663,Air Temperature Avg
2023-02-16T16:00:00Z,CANN,22.133333166440327,Air Temperature Avg
2023-02-23T16:00:00Z,CANN,22.170833349227905,Air Temperature Avg
2023-02-24T16:00:00Z,CANN,24.929166793823242,Air Temperature Avg
2023-02-21T16:00:00Z,CANN,22.908333381017048,Air Temperature Avg
2024-01-18T16:00:00Z,CANN,24.186363740400836,Air Temperature Avg
2023-02-22T16:00:00Z,CANN,21.591666618982952,Air Temperature Avg
2023-02-25T16:00:00Z,CANN,26.958333174387615,Air Temperature Avg
2023-02-26T16:00:00Z,CANN,30.145833253860474,Air Temperature Avg
2023-02-27T16:00:00Z,CANN,29.150000015894573,Air Temperature Avg
2023-03-03T16:00:00Z,CANN,21.80416663487752,Air Temperature Avg
2023-03-02T16:00:00Z,CANN,24.554166793823242,Air Temperature Avg
2023-03-04T16:00:00Z,CANN,20.391666611035664,Air Temperature Avg
2023-02-28T16:00:00Z,CANN,28.137499888737995,Air Temperature Avg
2023-03-01T16:00:00Z,CANN,28.612499872843426,Air Temperature Avg
2023-03-07T16:00:00Z,CANN,25.329166650772095,Air Temperature Avg
2023-03-06T16:00:00Z,CANN,24.175000031789143,Air Temperature Avg
2023-03-18T16:00:00Z,CANN,24.40000009536743,Air Temperature Avg
2023-03-17T16:00:00Z,CANN,20.041666507720947,Air Temperature Avg
2023-03-19T16:00:00Z,CANN,27.96666677792867,Air Temperature Avg
2023-03-05T16:00:00Z,CANN,20.991666714350384,Air Temperature Avg
2023-03-10T16:00:00Z,CANN,23.724999745686848,Air Temperature Avg
2023-03-09T16:00:00Z,CANN,22.15416653951009,Air Temperature Avg
2023-03-08T16:00:00Z,CANN,22.59583330154419,Air Temperature Avg
2023-03-13T16:00:00Z,CANN,22.420833269755047,Air Temperature Avg
2023-03-12T16:00:00Z,CANN,22.008333524068195,Air Temperature Avg
2023-03-11T16:00:00Z,CANN,23.87500007947286,Air Temperature Avg
2023-03-15T16:00:00Z,CANN,20.37499992052714,Air Temperature Avg
2023-03-14T16:00:00Z,CANN,22.258333325386047,Air Temperature Avg
2023-03-23T16:00:00Z,CANN,20.90416669845581,Air Temperature Avg
2023-03-16T16:00:00Z,CANN,19.837500055631,Air Temperature Avg
2023-03-27T16:00:00Z,CANN,21.44166660308838,Air Temperature Avg
2023-03-26T16:00:00Z,CANN,20.491666714350384,Air Temperature Avg
2023-03-21T16:00:00Z,CANN,24.416666587193806,Air Temperature Avg
2023-03-20T16:00:00Z,CANN,27.920833428700764,Air Temperature Avg
2023-03-22T16:00:00Z,CANN,22.579166491826374,Air Temperature Avg
2023-03-24T16:00:00Z,CANN,23.40833353996277,Air Temperature Avg
2023-03-31T16:00:00Z,CANN,20.816666682561237,Air Temperature Avg
2023-03-30T16:00:00Z,CANN,18.65416669845581,Air Temperature Avg
2023-04-01T16:00:00Z,CANN,20.883333444595337,Air Temperature Avg
2023-03-25T16:00:00Z,CANN,21.650000015894573,Air Temperature Avg
2023-04-03T16:00:00Z,CANN,19.46666665871938,Air Temperature Avg
2023-04-02T16:00:00Z,CANN,20.554166674613953,Air Temperature Avg
2023-03-29T16:00:00Z,CANN,23.575000047683716,Air Temperature Avg
2024-01-19T16:00:00Z,CANN,26.36818183552135,Air Temperature Avg
2024-01-20T16:00:00Z,CANN,24.63181833787398,Air Temperature Avg
2023-03-28T16:00:00Z,CANN,23.33749993642171,Air Temperature Avg
2023-04-04T16:00:00Z,CANN,17.520833373069763,Air Temperature Avg
2023-04-05T16:00:00Z,CANN,19.270833253860474,Air Temperature Avg
2023-04-06T16:00:00Z,CANN,18.945833206176758,Air Temperature Avg
2023-04-11T16:00:00Z,CANN,18.641666571299236,Air Temperature Avg
2023-04-10T16:00:00Z,CANN,19.795833428700764,Air Temperature Avg
2023-04-07T16:00:00Z,CANN,17.78333314259847,Air Temperature Avg
2023-04-08T16:00:00Z,CANN,18.62916672229767,Air Temperature Avg
2023-04-09T16:00:00Z,CANN,17.791666348775227,Air Temperature Avg
2023-04-12T16:00:00Z,CANN,18.133333325386047,Air Temperature Avg
2023-04-13T16:00:00Z,CANN,14.675000031789144,Air Temperature Avg
2023-04-16T16:00:00Z,CANN,17.462499896685284,Air Temperature Avg
2023-04-15T16:00:00Z,CANN,17.491666674613953,Air Temperature Avg
2023-04-17T16:00:00Z,CANN,17.85000006357829,Air Temperature Avg
2023-04-20T16:00:00Z,CANN,18.829166571299236,Air Temperature Avg
2023-04-19T16:00:00Z,CANN,18.520833253860474,Air Temperature Avg
2023-04-23T16:00:00Z,CANN,16.049999872843426,Air Temperature Avg
2023-04-22T16:00:00Z,CANN,19.758333325386047,Air Temperature Avg
2023-04-24T16:00:00Z,CANN,13.620833277702332,Air Temperature Avg
2023-04-30T16:00:00Z,CANN,16.141666690508526,Air Temperature Avg
2023-04-14T16:00:00Z,CANN,15.108333428700766,Air Temperature Avg
2023-04-18T16:00:00Z,CANN,18.71666673819224,Air Temperature Avg
2023-04-21T16:00:00Z,CANN,20.19583324591319,Air Temperature Avg
2023-04-25T16:00:00Z,CANN,17.079166769981384,Air Temperature Avg
2023-10-01T16:00:00Z,CANN,15.437500158945719,Air Temperature Avg
2023-09-30T16:00:00Z,CANN,17.137499968210857,Air Temperature Avg
2023-10-02T16:00:00Z,CANN,15.37499996026357,Air Temperature Avg
2023-04-26T16:00:00Z,CANN,17.350000143051147,Air Temperature Avg
2023-09-29T16:00:00Z,CANN,17.916666706403095,Air Temperature Avg
2023-04-29T16:00:00Z,CANN,15.270833333333334,Air Temperature Avg
2023-10-03T16:00:00Z,CANN,15.525000055631002,Air Temperature Avg
2023-04-27T16:00:00Z,CANN,13.741666654745737,Air Temperature Avg
2023-04-28T16:00:00Z,CANN,13.2374999721845,Air Temperature Avg
2023-05-01T16:00:00Z,CANN,17.37916652361552,Air Temperature Avg
2023-05-04T16:00:00Z,CANN,17.337500015894573,Air Temperature Avg
2023-05-03T16:00:00Z,CANN,17.979166666666668,Air Temperature Avg
2023-05-06T16:00:00Z,CANN,18.025000015894573,Air Temperature Avg
2023-05-05T16:00:00Z,CANN,14.970833341280619,Air Temperature Avg
2023-05-02T16:00:00Z,CANN,18.512500127156574,Air Temperature Avg
2024-01-21T16:00:00Z,CANN,19.016667048136394,Air Temperature Avg
2023-05-07T16:00:00Z,CANN,20.579166650772095,Air Temperature Avg
2023-05-08T16:00:00Z,CANN,20.849999984105427,Air Temperature Avg
2023-05-09T16:00:00Z,CANN,16.837499896685284,Air Temperature Avg
2023-05-11T16:00:00Z,CANN,14.941666622956594,Air Temperature Avg
2023-05-10T16:00:00Z,CANN,14.604166746139526,Air Temperature Avg
2023-05-18T16:00:00Z,CANN,19.12500007947286,Air Temperature Avg
2023-05-17T16:00:00Z,CANN,20.49583339691162,Air Temperature Avg
2023-05-14T16:00:00Z,CANN,15.27916661898295,Air Temperature Avg
2023-05-13T16:00:00Z,CANN,14.233333269755045,Air Temperature Avg
2023-05-20T16:00:00Z,CANN,16.233333269755047,Air Temperature Avg
2023-05-19T16:00:00Z,CANN,16.925000031789143,Air Temperature Avg
2023-05-12T16:00:00Z,CANN,15.816666801770529,Air Temperature Avg
2023-05-15T16:00:00Z,CANN,15.400000015894571,Air Temperature Avg
2023-05-21T16:00:00Z,CANN,17.099999944369,Air Temperature Avg
2023-05-25T16:00:00Z,CANN,12.666666686534882,Air Temperature Avg
2023-05-24T16:00:00Z,CANN,12.266666531562805,Air Temperature Avg
2023-05-16T16:00:00Z,CANN,19.120833317438763,Air Temperature Avg
2023-05-27T16:00:00Z,CANN,6.087500035762787,Air Temperature Avg
2023-05-26T16:00:00Z,CANN,10.879166702429453,Air Temperature Avg
2023-05-23T16:00:00Z,CANN,15.866666754086813,Air Temperature Avg
2023-05-22T16:00:00Z,CANN,17.28333342075348,Air Temperature Avg
2023-06-01T16:00:00Z,CANN,11.683333396911621,Air Temperature Avg
2023-05-31T16:00:00Z,CANN,13.837500135103861,Air Temperature Avg
2023-06-02T16:00:00Z,CANN,11.058333377043406,Air Temperature Avg
2023-05-29T16:00:00Z,CANN,18.691666682561237,Air Temperature Avg
2023-05-28T16:00:00Z,CANN,18.518750071525574,Air Temperature Avg
2023-05-30T16:00:00Z,CANN,15.733333230018616,Air Temperature Avg
2023-06-03T16:00:00Z,CANN,13.745833357175192,Air Temperature Avg
2023-06-08T16:00:00Z,CANN,15.266666730244955,Air Temperature Avg
2023-06-07T16:00:00Z,CANN,13.600000023841858,Air Temperature Avg
2023-06-11T16:00:00Z,CANN,12.737499912579855,Air Temperature Avg
2023-06-10T16:00:00Z,CANN,15.191666722297668,Air Temperature Avg
2023-06-04T16:00:00Z,CANN,12.324999928474426,Air Temperature Avg
2023-06-06T16:00:00Z,CANN,11.408333341280619,Air Temperature Avg
2023-06-05T16:00:00Z,CANN,9.820833365122477,Air Temperature Avg
2023-06-09T16:00:00Z,CANN,15.691666801770529,Air Temperature Avg
2023-06-12T16:00:00Z,CANN,14.324999928474426,Air Temperature Avg
2023-06-13T16:00:00Z,CANN,15.37083331743876,Air Temperature Avg
2023-06-14T16:00:00Z,CANN,16.37916652361552,Air Temperature Avg
2023-06-15T16:00:00Z,CANN,15.333333452542623,Air Temperature Avg
2023-06-25T16:00:00Z,CANN,8.40416669845581,Air Temperature Avg
2023-06-24T16:00:00Z,CANN,11.35833336909612,Air Temperature Avg
2023-06-30T16:00:00Z,CANN,9.595833351214727,Air Temperature Avg
2023-06-29T16:00:00Z,CANN,9.245833297570547,Air Temperature Avg
2023-06-16T16:00:00Z,CANN,10.850000063578287,Air Temperature Avg
2023-06-17T16:00:00Z,CANN,11.262500127156576,Air Temperature Avg
2023-06-18T16:00:00Z,CANN,10.529166718324026,Air Temperature Avg
2023-06-20T16:00:00Z,CANN,11.566666722297668,Air Temperature Avg
2023-06-19T16:00:00Z,CANN,11.291666666666666,Air Temperature Avg
2023-06-21T16:00:00Z,CANN,12.129166742165884,Air Temperature Avg
2023-06-23T16:00:00Z,CANN,11.99999996026357,Air Temperature Avg
2023-06-22T16:00:00Z,CANN,11.462499976158142,Air Temperature Avg
2023-06-26T16:00:00Z,CANN,8.670833269755045,Air Temperature Avg
2023-06-27T16:00:00Z,CANN,10.662499964237213,Air Temperature Avg
2023-06-28T16:00:00Z,CANN,9.308333277702332,Air Temperature Avg
2023-07-02T16:00:00Z,CANN,13.891666690508524,Air Temperature Avg
2023-07-01T16:00:00Z,CANN,12.61250009139379,Air Temperature Avg
2023-07-03T16:00:00Z,CANN,14.137499928474426,Air Temperature Avg
2023-07-04T16:00:00Z,CANN,13.004166642824808,Air Temperature Avg
2023-11-17T16:00:00Z,CANN,24.141666412353516,Air Temperature Avg
2023-11-16T16:00:00Z,CANN,22.09583326180776,Air Temperature Avg
2023-07-11T16:00:00Z,CANN,16.962499896685284,Air Temperature Avg
2023-07-10T16:00:00Z,CANN,15.53333338101705,Air Temperature Avg
2023-07-05T16:00:00Z,CANN,13.262499968210856,Air Temperature Avg
2023-07-08T16:00:00Z,CANN,15.295833388964335,Air Temperature Avg
2023-07-07T16:00:00Z,CANN,14.387499928474426,Air Temperature Avg
2023-07-06T16:00:00Z,CANN,15.658333420753479,Air Temperature Avg
2023-07-09T16:00:00Z,CANN,14.820833404858908,Air Temperature Avg
2023-07-14T16:00:00Z,CANN,9.574999988079071,Air Temperature Avg
2023-07-13T16:00:00Z,CANN,12.920833349227905,Air Temperature Avg
2023-07-16T16:00:00Z,CANN,13.65416661898295,Air Temperature Avg
2023-07-15T16:00:00Z,CANN,10.804166694482168,Air Temperature Avg
2023-07-17T16:00:00Z,CANN,14.870833357175192,Air Temperature Avg
2023-07-12T16:00:00Z,CANN,16.708333214124043,Air Temperature Avg
2023-07-18T16:00:00Z,CANN,12.833333293596903,Air Temperature Avg
2023-07-19T16:00:00Z,CANN,11.583333253860474,Air Temperature Avg
2023-07-20T16:00:00Z,CANN,14.012499968210856,Air Temperature Avg
2023-07-21T16:00:00Z,CANN,12.400000015894571,Air Temperature Avg
2023-07-22T16:00:00Z,CANN,13.108333428700766,Air Temperature Avg
2023-07-23T16:00:00Z,CANN,14.804166634877523,Air Temperature Avg
2023-07-25T16:00:00Z,CANN,12.72083330154419,Air Temperature Avg
2023-07-24T16:00:00Z,CANN,13.837500015894571,Air Temperature Avg
2023-07-27T16:00:00Z,CANN,15.266666491826376,Air Temperature Avg
2023-07-26T16:00:00Z,CANN,13.420833309491476,Air Temperature Avg
2023-08-01T16:00:00Z,CANN,15.429166714350382,Air Temperature Avg
2023-07-31T16:00:00Z,CANN,16.06250003973643,Air Temperature Avg
2023-07-28T16:00:00Z,CANN,15.950000047683716,Air Temperature Avg
2023-07-29T16:00:00Z,CANN,14.612499992052713,Air Temperature Avg
2023-07-30T16:00:00Z,CANN,13.916666666666666,Air Temperature Avg
2023-08-07T16:00:00Z,CANN,16.462499856948853,Air Temperature Avg
2023-08-06T16:00:00Z,CANN,17.079166531562805,Air Temperature Avg
2023-08-02T16:00:00Z,CANN,10.17083332935969,Air Temperature Avg
2023-08-03T16:00:00Z,CANN,9.500000049670538,Air Temperature Avg
2023-08-05T16:00:00Z,CANN,13.59166673819224,Air Temperature Avg
2023-08-04T16:00:00Z,CANN,11.279166648785273,Air Temperature Avg
2023-08-19T16:00:00Z,CANN,13.81250019868215,Air Temperature Avg
2023-08-18T16:00:00Z,CANN,13.954166571299234,Air Temperature Avg
2023-08-21T16:00:00Z,CANN,12.424999992052713,Air Temperature Avg
2023-08-20T16:00:00Z,CANN,13.950000007947287,Air Temperature Avg
2023-08-16T16:00:00Z,CANN,12.537500023841858,Air Temperature Avg
2023-08-15T16:00:00Z,CANN,13.512500047683716,Air Temperature Avg
2023-08-17T16:00:00Z,CANN,13.1124999721845,Air Temperature Avg
2023-08-22T16:00:00Z,CANN,13.262499888737997,Air Temperature Avg
2023-08-23T16:00:00Z,CANN,13.76666667064031,Air Temperature Avg
2023-08-24T16:00:00Z,CANN,16.316666801770527,Air Temperature Avg
2023-08-25T16:00:00Z,CANN,16.77916665871938,Air Temperature Avg
2023-08-26T16:00:00Z,CANN,17.358333428700764,Air Temperature Avg
2023-08-27T16:00:00Z,CANN,16.96666665871938,Air Temperature Avg
2023-08-28T16:00:00Z,CANN,15.704166611035665,Air Temperature Avg
2023-08-29T16:00:00Z,CANN,16.354166905085247,Air Temperature Avg
2023-08-30T16:00:00Z,CANN,20.27499993642171,Air Temperature Avg
2023-08-31T16:00:00Z,CANN,17.508333444595337,Air Temperature Avg
2023-09-01T16:00:00Z,CANN,16.40833326180776,Air Temperature Avg
2023-09-02T16:00:00Z,CANN,14.266666730244955,Air Temperature Avg
2023-09-03T16:00:00Z,CANN,16.27499993642171,Air Temperature Avg
2023-09-07T16:00:00Z,CANN,17.44166652361552,Air Temperature Avg
2023-09-06T16:00:00Z,CANN,12.420833428700766,Air Temperature Avg
2023-09-08T16:00:00Z,CANN,18.77916677792867,Air Temperature Avg
2023-09-04T16:00:00Z,CANN,16.387499888737995,Air Temperature Avg
2023-09-05T16:00:00Z,CANN,14.93333331743876,Air Temperature Avg
2023-09-10T16:00:00Z,CANN,17.725000103314716,Air Temperature Avg
2023-09-09T16:00:00Z,CANN,17.06666660308838,Air Temperature Avg
2023-09-17T16:00:00Z,CANN,14.733333230018616,Air Temperature Avg
2023-09-16T16:00:00Z,CANN,14.895833253860474,Air Temperature Avg
2023-09-15T16:00:00Z,CANN,17.737500031789143,Air Temperature Avg
2023-09-18T16:00:00Z,CANN,16.970833500226338,Air Temperature Avg
2023-09-11T16:00:00Z,CANN,18.46666673819224,Air Temperature Avg
2023-09-12T16:00:00Z,CANN,15.408333341280619,Air Temperature Avg
2023-09-13T16:00:00Z,CANN,16.920833309491474,Air Temperature Avg
2023-09-14T16:00:00Z,CANN,18.1916667620341,Air Temperature Avg
2023-09-19T16:00:00Z,CANN,16.25416664282481,Air Temperature Avg
2023-09-20T16:00:00Z,CANN,17.425000071525574,Air Temperature Avg
2023-09-21T16:00:00Z,CANN,20.608333388964336,Air Temperature Avg
2023-09-22T16:00:00Z,CANN,16.575000047683716,Air Temperature Avg
2023-09-26T16:00:00Z,CANN,24.00000003973643,Air Temperature Avg
2023-09-25T16:00:00Z,CANN,16.637499928474426,Air Temperature Avg
2023-09-28T16:00:00Z,CANN,17.599999984105427,Air Temperature Avg
2023-09-27T16:00:00Z,CANN,22.0625,Air Temperature Avg
2023-09-23T16:00:00Z,CANN,16.220833381017048,Air Temperature Avg
2023-09-24T16:00:00Z,CANN,15.93750007947286,Air Temperature Avg
2023-10-05T16:00:00Z,CANN,24.983333190282185,Air Temperature Avg
2023-10-04T16:00:00Z,CANN,20.366666674613953,Air Temperature Avg
2023-10-06T16:00:00Z,CANN,23.84166669845581,Air Temperature Avg
2023-10-07T16:00:00Z,CANN,18.883333444595337,Air Temperature Avg
2023-10-09T16:00:00Z,CANN,16.93749996026357,Air Temperature Avg
2023-10-08T16:00:00Z,CANN,19.137500007947285,Air Temperature Avg
2023-10-14T16:00:00Z,CANN,25.729166825612385,Air Temperature Avg
2023-10-13T16:00:00Z,CANN,24.274999777475994,Air Temperature Avg
2023-10-15T16:00:00Z,CANN,27.900000015894573,Air Temperature Avg
2023-10-11T16:00:00Z,CANN,19.09166673819224,Air Temperature Avg
2023-10-10T16:00:00Z,CANN,15.708333253860474,Air Temperature Avg
2023-10-12T16:00:00Z,CANN,22.479166626930237,Air Temperature Avg
2023-10-21T16:00:00Z,CANN,17.737499713897705,Air Temperature Avg
2023-10-20T16:00:00Z,CANN,22.31249992052714,Air Temperature Avg
2023-10-18T16:00:00Z,CANN,19.87083335717519,Air Temperature Avg
2023-10-17T16:00:00Z,CANN,19.11666663487752,Air Temperature Avg
2023-10-24T16:00:00Z,CANN,24.141666809717815,Air Temperature Avg
2023-10-23T16:00:00Z,CANN,18.820833285649616,Air Temperature Avg
2023-10-30T16:00:00Z,CANN,19.59583326180776,Air Temperature Avg
2023-10-16T16:00:00Z,CANN,22.93749976158142,Air Temperature Avg
2023-10-19T16:00:00Z,CANN,20.012500047683716,Air Temperature Avg
2023-10-22T16:00:00Z,CANN,18.14375001192093,Air Temperature Avg
2023-11-02T16:00:00Z,CANN,26.699999968210857,Air Temperature Avg
2023-11-01T16:00:00Z,CANN,26.049999952316284,Air Temperature Avg
2023-11-03T16:00:00Z,CANN,28.03333346048991,Air Temperature Avg
2023-11-04T16:00:00Z,CANN,21.691666682561237,Air Temperature Avg
2023-10-25T16:00:00Z,CANN,19.40000021457672,Air Temperature Avg
2023-10-26T16:00:00Z,CANN,16.55833335717519,Air Temperature Avg
2023-10-27T16:00:00Z,CANN,17.37916660308838,Air Temperature Avg
2023-10-28T16:00:00Z,CANN,16.833333333333332,Air Temperature Avg
2023-10-29T16:00:00Z,CANN,17.420833309491474,Air Temperature Avg
2023-10-31T16:00:00Z,CANN,21.94166672229767,Air Temperature Avg
2023-11-14T16:00:00Z,CANN,23.15000009536743,Air Temperature Avg
2023-11-13T16:00:00Z,CANN,22.59583330154419,Air Temperature Avg
2023-11-06T16:00:00Z,CANN,21.095833381017048,Air Temperature Avg
2023-11-05T16:00:00Z,CANN,21.72083306312561,Air Temperature Avg
2023-11-07T16:00:00Z,CANN,22.87499976158142,Air Temperature Avg
2023-11-08T16:00:00Z,CANN,20.175000111262005,Air Temperature Avg
2023-11-10T16:00:00Z,CANN,21.412500023841858,Air Temperature Avg
2023-11-09T16:00:00Z,CANN,18.320833285649616,Air Temperature Avg
2023-11-11T16:00:00Z,CANN,20.71250017484029,Air Temperature Avg
2023-11-12T16:00:00Z,CANN,22.03333322207133,Air Temperature Avg
2023-11-20T16:00:00Z,CANN,28.204166730244953,Air Temperature Avg
2023-11-19T16:00:00Z,CANN,26.483333349227905,Air Temperature Avg
2023-11-15T16:00:00Z,CANN,22.34166657924652,Air Temperature Avg
2023-11-18T16:00:00Z,CANN,24.987500031789143,Air Temperature Avg
2023-11-21T16:00:00Z,CANN,32.05454548922452,Air Temperature Avg
2023-11-22T16:00:00Z,CANN,31.818181818181817,Air Temperature Avg
2023-11-23T16:00:00Z,CANN,24.004545211791992,Air Temperature Avg
2023-11-24T16:00:00Z,CANN,27.372727134011008,Air Temperature Avg
2023-11-25T16:00:00Z,CANN,26.836363532326438,Air Temperature Avg
2023-11-26T16:00:00Z,CANN,22.559090961109508,Air Temperature Avg
2023-11-27T16:00:00Z,CANN,21.981818199157715,Air Temperature Avg
2023-11-28T16:00:00Z,CANN,21.66363629427823,Air Temperature Avg
2023-11-29T16:00:00Z,CANN,23.27916669845581,Air Temperature Avg
2023-11-30T16:00:00Z,CANN,25.999999682108562,Air Temperature Avg
2023-12-01T16:00:00Z,CANN,20.400000254313152,Air Temperature Avg
2023-12-05T16:00:00Z,CANN,23.945833444595337,Air Temperature Avg
2023-12-04T16:00:00Z,CANN,24.181249737739563,Air Temperature Avg
2023-12-06T16:00:00Z,CANN,21.472727342085406,Air Temperature Avg
2023-12-07T16:00:00Z,CANN,21.018182017586447,Air Temperature Avg
2023-12-08T16:00:00Z,CANN,22.350000034679066,Air Temperature Avg
2023-12-09T16:00:00Z,CANN,23.995454441417348,Air Temperature Avg
2023-12-10T16:00:00Z,CANN,24.840909004211426,Air Temperature Avg
2023-12-11T16:00:00Z,CANN,26.2272725538774,Air Temperature Avg
2023-12-12T16:00:00Z,CANN,24.200000069358133,Air Temperature Avg
2023-12-13T16:00:00Z,CANN,23.24090914292769,Air Temperature Avg
2023-12-14T16:00:00Z,CANN,24.281818043101918,Air Temperature Avg
2023-12-15T16:00:00Z,CANN,27.550000190734863,Air Temperature Avg
2023-12-16T16:00:00Z,CANN,26.209090839732777,Air Temperature Avg
2023-12-17T16:00:00Z,CANN,24.950000069358133,Air Temperature Avg
2023-12-18T16:00:00Z,CANN,25.47727281397039,Air Temperature Avg
2023-12-19T16:00:00Z,CANN,29.922727064652875,Air Temperature Avg
2023-12-20T16:00:00Z,CANN,30.45909092643044,Air Temperature Avg
2023-12-21T16:00:00Z,CANN,26.136363636363637,Air Temperature Avg
2023-12-22T16:00:00Z,CANN,27.577272588556465,Air Temperature Avg
2023-12-23T16:00:00Z,CANN,25.968181870200418,Air Temperature Avg
2023-12-24T16:00:00Z,CANN,27.304545575922187,Air Temperature Avg
2023-12-25T16:00:00Z,CANN,21.85714312962123,Air Temperature Avg
2024-01-02T16:00:00Z,CANN,24.891666571299236,Air Temperature Avg
2024-01-01T16:00:00Z,CANN,25.43125009536743,Air Temperature Avg
2024-01-03T16:00:00Z,CANN,24.325000206629436,Air Temperature Avg
2024-01-04T16:00:00Z,CANN,24.300000031789143,Air Temperature Avg
2024-01-05T16:00:00Z,CANN,25.05833347638448,Air Temperature Avg
2024-01-06T16:00:00Z,CANN,28.350000143051147,Air Temperature Avg
2024-01-07T16:00:00Z,CANN,27.766666889190674,Air Temperature Avg
2024-01-08T16:00:00Z,CANN,24.708333174387615,Air Temperature Avg
2024-01-09T16:00:00Z,CANN,24.563636086203836,Air Temperature Avg
2024-01-10T16:00:00Z,CANN,26.02727274461226,Air Temperature Avg
2024-01-11T16:00:00Z,CANN,28.931818181818183,Air Temperature Avg
2024-01-12T16:00:00Z,CANN,32.749999739907004,Air Temperature Avg
2023-01-01T16:00:00Z,CANN,10.06500001748403,Wind Speed avg
2022-12-31T16:00:00Z,CANN,6.897499963641167,Wind Speed avg
2023-01-02T16:00:00Z,CANN,11.132083356380463,Wind Speed avg
2023-01-03T16:00:00Z,CANN,10.356666699051857,Wind Speed avg
2023-01-07T16:00:00Z,CANN,5.3604166855414705,Wind Speed avg
2023-01-06T16:00:00Z,CANN,6.272916714350383,Wind Speed avg
2023-01-08T16:00:00Z,CANN,6.076666630804539,Wind Speed avg
2023-01-11T16:00:00Z,CANN,4.761666628221671,Wind Speed avg
2023-01-10T16:00:00Z,CANN,5.522916632393996,Wind Speed avg
2023-01-04T16:00:00Z,CANN,6.547499960288405,Wind Speed avg
2023-01-05T16:00:00Z,CANN,6.132083396427333,Wind Speed avg
2023-01-09T16:00:00Z,CANN,7.219166646401088,Wind Speed avg
2023-01-12T16:00:00Z,CANN,6.828750004371007,Wind Speed avg
2024-01-14T16:00:00Z,CANN,3.911363609812476,Wind Speed avg
2024-01-13T16:00:00Z,CANN,3.914545405994762,Wind Speed avg
2024-01-15T16:00:00Z,CANN,5.2804545509544285,Wind Speed avg
2024-01-16T16:00:00Z,CANN,5.184545500711962,Wind Speed avg
2023-01-13T16:00:00Z,CANN,10.855833212534586,Wind Speed avg
2023-01-14T16:00:00Z,CANN,7.785000065962474,Wind Speed avg
2023-01-15T16:00:00Z,CANN,8.224583307902018,Wind Speed avg
2023-01-17T16:00:00Z,CANN,10.446666717529297,Wind Speed avg
2023-01-16T16:00:00Z,CANN,7.567083348830541,Wind Speed avg
2023-01-18T16:00:00Z,CANN,7.13833328957359,Wind Speed avg
2023-01-19T16:00:00Z,CANN,5.009166669100523,Wind Speed avg
2023-01-22T16:00:00Z,CANN,3.746666692662984,Wind Speed avg
2023-01-21T16:00:00Z,CANN,4.644583342907329,Wind Speed avg
2023-01-23T16:00:00Z,CANN,4.572916716337204,Wind Speed avg
2023-01-20T16:00:00Z,CANN,4.601666717945288,Wind Speed avg
2023-01-24T16:00:00Z,CANN,6.026250004768372,Wind Speed avg
2023-01-25T16:00:00Z,CANN,6.35916668176651,Wind Speed avg
2023-01-26T16:00:00Z,CANN,6.107083335518837,Wind Speed avg
2023-01-30T16:00:00Z,CANN,8.254166677594185,Wind Speed avg
2023-01-28T16:00:00Z,CANN,5.617916678388913,Wind Speed avg
2023-01-27T16:00:00Z,CANN,6.8945833543936415,Wind Speed avg
2023-01-31T16:00:00Z,CANN,12.929166674613953,Wind Speed avg
2023-02-01T16:00:00Z,CANN,12.307083288828531,Wind Speed avg
2023-01-29T16:00:00Z,CANN,5.390416627128919,Wind Speed avg
2023-02-04T16:00:00Z,CANN,4.585000007102887,Wind Speed avg
2023-02-03T16:00:00Z,CANN,5.214583337306976,Wind Speed avg
2023-02-02T16:00:00Z,CANN,9.181666592756907,Wind Speed avg
2023-02-19T16:00:00Z,CANN,7.365000002086163,Wind Speed avg
2023-02-18T16:00:00Z,CANN,5.693333325286706,Wind Speed avg
2023-02-21T16:00:00Z,CANN,5.269166675706704,Wind Speed avg
2023-02-09T16:00:00Z,CANN,5.6341666746884584,Wind Speed avg
2023-02-08T16:00:00Z,CANN,4.781666665027539,Wind Speed avg
2023-02-12T16:00:00Z,CANN,6.113750035564105,Wind Speed avg
2023-02-05T16:00:00Z,CANN,5.544166699051857,Wind Speed avg
2023-02-07T16:00:00Z,CANN,5.679583318841954,Wind Speed avg
2023-02-14T16:00:00Z,CANN,3.3624999936825284,Wind Speed avg
2023-02-13T16:00:00Z,CANN,5.3700000035266084,Wind Speed avg
2023-02-06T16:00:00Z,CANN,4.6679167083154125,Wind Speed avg
2023-02-10T16:00:00Z,CANN,5.22833331177632,Wind Speed avg
2023-02-11T16:00:00Z,CANN,6.4762500276168184,Wind Speed avg
2023-02-15T16:00:00Z,CANN,4.193750016391277,Wind Speed avg
2023-02-16T16:00:00Z,CANN,4.918749986837308,Wind Speed avg
2023-02-17T16:00:00Z,CANN,6.048333341876666,Wind Speed avg
2024-01-17T16:00:00Z,CANN,6.113181818615306,Wind Speed avg
2024-01-18T16:00:00Z,CANN,5.334090877663005,Wind Speed avg
2023-02-22T16:00:00Z,CANN,7.644999961058299,Wind Speed avg
2023-02-24T16:00:00Z,CANN,5.722916683803002,Wind Speed avg
2023-02-23T16:00:00Z,CANN,7.831666707992554,Wind Speed avg
2023-02-25T16:00:00Z,CANN,5.788750012715657,Wind Speed avg
2023-02-20T16:00:00Z,CANN,4.029583346098661,Wind Speed avg
2023-02-26T16:00:00Z,CANN,5.7441666424274445,Wind Speed avg
2023-03-05T16:00:00Z,CANN,5.472083369890849,Wind Speed avg
2023-03-04T16:00:00Z,CANN,5.541666634380817,Wind Speed avg
2023-03-09T16:00:00Z,CANN,3.6224999694774547,Wind Speed avg
2023-03-08T16:00:00Z,CANN,4.477083296825488,Wind Speed avg
2023-02-27T16:00:00Z,CANN,10.308750013510386,Wind Speed avg
2023-02-28T16:00:00Z,CANN,5.594999983596305,Wind Speed avg
2023-03-01T16:00:00Z,CANN,3.917083334798614,Wind Speed avg
2023-03-02T16:00:00Z,CANN,4.175833296651642,Wind Speed avg
2023-03-03T16:00:00Z,CANN,5.857083280881246,Wind Speed avg
2023-03-06T16:00:00Z,CANN,8.042083283265432,Wind Speed avg
2023-03-07T16:00:00Z,CANN,6.055416603883107,Wind Speed avg
2023-03-10T16:00:00Z,CANN,3.306250024897357,Wind Speed avg
2023-03-11T16:00:00Z,CANN,3.352499983506277,Wind Speed avg
2023-03-12T16:00:00Z,CANN,3.888749993095795,Wind Speed avg
2023-03-14T16:00:00Z,CANN,2.8229166681412607,Wind Speed avg
2023-03-13T16:00:00Z,CANN,3.339583366488417,Wind Speed avg
2023-03-22T16:00:00Z,CANN,3.075416651321575,Wind Speed avg
2023-03-21T16:00:00Z,CANN,4.604583355908592,Wind Speed avg
2023-03-31T16:00:00Z,CANN,4.320833340287209,Wind Speed avg
2023-03-30T16:00:00Z,CANN,9.472083369890848,Wind Speed avg
2023-03-16T16:00:00Z,CANN,5.070833293100198,Wind Speed avg
2023-03-15T16:00:00Z,CANN,3.2387499409572533,Wind Speed avg
2023-03-20T16:00:00Z,CANN,6.480416566133499,Wind Speed avg
2023-03-19T16:00:00Z,CANN,6.661666701237361,Wind Speed avg
2023-03-23T16:00:00Z,CANN,2.2116666815709323,Wind Speed avg
2023-03-17T16:00:00Z,CANN,5.377500017484029,Wind Speed avg
2023-03-24T16:00:00Z,CANN,3.756250008552646,Wind Speed avg
2023-03-18T16:00:00Z,CANN,8.13624999920527,Wind Speed avg
2023-03-26T16:00:00Z,CANN,4.152499991158645,Wind Speed avg
2023-03-25T16:00:00Z,CANN,7.729583323001862,Wind Speed avg
2023-03-28T16:00:00Z,CANN,9.425416767597198,Wind Speed avg
2023-03-27T16:00:00Z,CANN,8.68500006198883,Wind Speed avg
2023-04-03T16:00:00Z,CANN,4.024583324790001,Wind Speed avg
2023-04-02T16:00:00Z,CANN,3.3499999586492777,Wind Speed avg
2024-01-19T16:00:00Z,CANN,3.880909068340605,Wind Speed avg
2023-03-29T16:00:00Z,CANN,8.824166665474573,Wind Speed avg
2023-04-01T16:00:00Z,CANN,2.5858333318804703,Wind Speed avg
2023-04-04T16:00:00Z,CANN,3.2591666136092194,Wind Speed avg
2023-04-05T16:00:00Z,CANN,3.2745833382941782,Wind Speed avg
2023-04-06T16:00:00Z,CANN,6.736666644612948,Wind Speed avg
2023-04-07T16:00:00Z,CANN,6.051666686932246,Wind Speed avg
2023-04-08T16:00:00Z,CANN,2.6979166443149247,Wind Speed avg
2023-04-09T16:00:00Z,CANN,5.547083333677922,Wind Speed avg
2023-04-10T16:00:00Z,CANN,5.060833369692166,Wind Speed avg
2023-04-13T16:00:00Z,CANN,5.967916622602691,Wind Speed avg
2023-04-12T16:00:00Z,CANN,6.924999992052714,Wind Speed avg
2023-04-14T16:00:00Z,CANN,2.2212499649419137,Wind Speed avg
2023-04-11T16:00:00Z,CANN,2.71208333883745,Wind Speed avg
2023-04-15T16:00:00Z,CANN,2.2733333511278033,Wind Speed avg
2023-04-20T16:00:00Z,CANN,2.080833321902901,Wind Speed avg
2023-04-19T16:00:00Z,CANN,2.3299999972029277,Wind Speed avg
2023-04-22T16:00:00Z,CANN,2.4258333051887653,Wind Speed avg
2023-04-21T16:00:00Z,CANN,1.6879166623111814,Wind Speed avg
2023-04-25T16:00:00Z,CANN,3.171249965981891,Wind Speed avg
2023-04-18T16:00:00Z,CANN,5.761249974370003,Wind Speed avg
2023-04-17T16:00:00Z,CANN,4.4187499930461245,Wind Speed avg
2023-04-24T16:00:00Z,CANN,5.367916701051096,Wind Speed avg
2023-04-23T16:00:00Z,CANN,5.291666716958086,Wind Speed avg
2023-04-16T16:00:00Z,CANN,2.8595833371703825,Wind Speed avg
2023-09-30T16:00:00Z,CANN,5.785416644066572,Wind Speed avg
2023-09-29T16:00:00Z,CANN,4.407083339368303,Wind Speed avg
2023-10-02T16:00:00Z,CANN,3.460416693240404,Wind Speed avg
2023-10-01T16:00:00Z,CANN,10.556249936421713,Wind Speed avg
2023-10-03T16:00:00Z,CANN,3.1916666415830455,Wind Speed avg
2023-04-27T16:00:00Z,CANN,3.046666643659895,Wind Speed avg
2023-04-26T16:00:00Z,CANN,4.430416675905387,Wind Speed avg
2023-04-30T16:00:00Z,CANN,2.5825000122034303,Wind Speed avg
2023-04-29T16:00:00Z,CANN,2.395833316259086,Wind Speed avg
2023-05-01T16:00:00Z,CANN,3.0575000143920383,Wind Speed avg
2023-05-06T16:00:00Z,CANN,7.897916694482167,Wind Speed avg
2023-05-05T16:00:00Z,CANN,8.040833413600922,Wind Speed avg
2024-01-20T16:00:00Z,CANN,5.376363656737587,Wind Speed avg
2023-04-28T16:00:00Z,CANN,1.6625000121227156,Wind Speed avg
2023-05-03T16:00:00Z,CANN,3.5008333325386047,Wind Speed avg
2023-05-02T16:00:00Z,CANN,2.0904166482699416,Wind Speed avg
2023-05-04T16:00:00Z,CANN,10.447916646798452,Wind Speed avg
2024-01-21T16:00:00Z,CANN,2.6666666865348816,Wind Speed avg
2023-05-07T16:00:00Z,CANN,4.848749975363414,Wind Speed avg
2023-05-08T16:00:00Z,CANN,4.697083290666342,Wind Speed avg
2023-05-09T16:00:00Z,CANN,5.4695833424727125,Wind Speed avg
2023-05-11T16:00:00Z,CANN,2.0445833224027106,Wind Speed avg
2023-05-10T16:00:00Z,CANN,1.3916666953203578,Wind Speed avg
2023-05-13T16:00:00Z,CANN,1.817083335481584,Wind Speed avg
2023-05-12T16:00:00Z,CANN,2.369583325150112,Wind Speed avg
2023-05-14T16:00:00Z,CANN,1.2787499920620273,Wind Speed avg
2023-05-16T16:00:00Z,CANN,3.361666651132206,Wind Speed avg
2023-05-15T16:00:00Z,CANN,1.9300000306684524,Wind Speed avg
2023-05-22T16:00:00Z,CANN,3.506666666517655,Wind Speed avg
2023-05-21T16:00:00Z,CANN,1.858333318804701,Wind Speed avg
2023-05-25T16:00:00Z,CANN,3.3566666696375855,Wind Speed avg
2023-05-24T16:00:00Z,CANN,3.805833342252299,Wind Speed avg
2023-05-20T16:00:00Z,CANN,2.310833344779288,Wind Speed avg
2023-05-19T16:00:00Z,CANN,4.469166722769539,Wind Speed avg
2023-05-23T16:00:00Z,CANN,3.868750013799096,Wind Speed avg
2023-05-29T16:00:00Z,CANN,2.4829166542428234,Wind Speed avg
2023-05-28T16:00:00Z,CANN,1.470625017536804,Wind Speed avg
2023-05-17T16:00:00Z,CANN,4.135416640589635,Wind Speed avg
2023-05-18T16:00:00Z,CANN,3.477083300550779,Wind Speed avg
2023-05-30T16:00:00Z,CANN,1.0641666672502954,Wind Speed avg
2023-05-26T16:00:00Z,CANN,1.0095833325758576,Wind Speed avg
2023-06-12T16:00:00Z,CANN,2.3595833337555328,Wind Speed avg
2023-06-11T16:00:00Z,CANN,0.9191666583841046,Wind Speed avg
2023-05-27T16:00:00Z,CANN,0.037499998696148396,Wind Speed avg
2023-05-31T16:00:00Z,CANN,2.0899999890631684,Wind Speed avg
2023-06-02T16:00:00Z,CANN,1.2966666701249778,Wind Speed avg
2023-06-03T16:00:00Z,CANN,4.329583368496969,Wind Speed avg
2023-06-04T16:00:00Z,CANN,4.394166685640812,Wind Speed avg
2023-06-09T16:00:00Z,CANN,3.1716666469971337,Wind Speed avg
2023-06-01T16:00:00Z,CANN,2.0791666437871754,Wind Speed avg
2023-06-07T16:00:00Z,CANN,1.3291666594644387,Wind Speed avg
2023-06-06T16:00:00Z,CANN,1.2954166737229873,Wind Speed avg
2023-06-08T16:00:00Z,CANN,2.068333341817682,Wind Speed avg
2023-06-05T16:00:00Z,CANN,4.557500054438909,Wind Speed avg
2023-06-10T16:00:00Z,CANN,6.410416675110658,Wind Speed avg
2023-06-13T16:00:00Z,CANN,2.6374999936670065,Wind Speed avg
2023-06-14T16:00:00Z,CANN,5.339166685938835,Wind Speed avg
2023-06-15T16:00:00Z,CANN,6.5629166799287,Wind Speed avg
2023-06-16T16:00:00Z,CANN,1.2479166636088241,Wind Speed avg
2023-06-17T16:00:00Z,CANN,1.078750010036553,Wind Speed avg
2023-06-18T16:00:00Z,CANN,1.3762499961691599,Wind Speed avg
2023-06-22T16:00:00Z,CANN,3.1066666948609054,Wind Speed avg
2023-06-21T16:00:00Z,CANN,5.162916618632153,Wind Speed avg
2023-06-23T16:00:00Z,CANN,2.962500000062088,Wind Speed avg
2023-06-19T16:00:00Z,CANN,2.275833328564962,Wind Speed avg
2023-06-20T16:00:00Z,CANN,2.2979166814281293,Wind Speed avg
2023-06-25T16:00:00Z,CANN,2.3179166860257587,Wind Speed avg
2023-06-24T16:00:00Z,CANN,2.7104167006909847,Wind Speed avg
2023-06-26T16:00:00Z,CANN,1.0729166658905644,Wind Speed avg
2023-06-27T16:00:00Z,CANN,1.3708333267519872,Wind Speed avg
2023-06-28T16:00:00Z,CANN,1.08374999385948,Wind Speed avg
2023-07-06T16:00:00Z,CANN,5.235416624695063,Wind Speed avg
2023-07-05T16:00:00Z,CANN,2.4825000055134296,Wind Speed avg
2023-06-29T16:00:00Z,CANN,1.6412499873743702,Wind Speed avg
2023-06-30T16:00:00Z,CANN,1.5137500036507845,Wind Speed avg
2023-07-08T16:00:00Z,CANN,3.3725000130943954,Wind Speed avg
2023-07-01T16:00:00Z,CANN,4.576249978349854,Wind Speed avg
2023-07-07T16:00:00Z,CANN,1.8620833281117182,Wind Speed avg
2023-07-09T16:00:00Z,CANN,2.2087500034831464,Wind Speed avg
2023-07-02T16:00:00Z,CANN,7.145000030597051,Wind Speed avg
2023-07-03T16:00:00Z,CANN,8.839999973773956,Wind Speed avg
2023-07-04T16:00:00Z,CANN,5.68291665489475,Wind Speed avg
2023-07-10T16:00:00Z,CANN,4.225000028808911,Wind Speed avg
2023-07-16T16:00:00Z,CANN,2.1683333535523466,Wind Speed avg
2023-07-15T16:00:00Z,CANN,3.2595832801113525,Wind Speed avg
2023-07-11T16:00:00Z,CANN,6.586250116427739,Wind Speed avg
2023-07-14T16:00:00Z,CANN,1.5908333234644185,Wind Speed avg
2023-07-17T16:00:00Z,CANN,5.687083350184063,Wind Speed avg
2023-11-17T16:00:00Z,CANN,5.666666686534882,Wind Speed avg
2023-11-16T16:00:00Z,CANN,6.748333257312576,Wind Speed avg
2023-07-12T16:00:00Z,CANN,4.917916679133971,Wind Speed avg
2023-07-13T16:00:00Z,CANN,3.0433333528538546,Wind Speed avg
2023-07-18T16:00:00Z,CANN,8.157916683703661,Wind Speed avg
2023-07-19T16:00:00Z,CANN,2.6850000073512397,Wind Speed avg
2023-07-20T16:00:00Z,CANN,3.3895833206673465,Wind Speed avg
2023-07-21T16:00:00Z,CANN,0.8662500109833976,Wind Speed avg
2023-07-24T16:00:00Z,CANN,5.320833325386047,Wind Speed avg
2023-07-22T16:00:00Z,CANN,1.8170833208908637,Wind Speed avg
2023-07-23T16:00:00Z,CANN,3.7808333511153855,Wind Speed avg
2023-07-28T16:00:00Z,CANN,3.913749990208695,Wind Speed avg
2023-07-27T16:00:00Z,CANN,4.187499989445011,Wind Speed avg
2023-07-29T16:00:00Z,CANN,1.301249995517234,Wind Speed avg
2023-07-25T16:00:00Z,CANN,5.273333375652631,Wind Speed avg
2023-07-26T16:00:00Z,CANN,2.6512500136935464,Wind Speed avg
2023-08-04T16:00:00Z,CANN,1.3929166588932276,Wind Speed avg
2023-08-03T16:00:00Z,CANN,1.5966666626433532,Wind Speed avg
2023-08-18T16:00:00Z,CANN,1.5370833383252223,Wind Speed avg
2023-08-17T16:00:00Z,CANN,1.8150000019619863,Wind Speed avg
2023-08-19T16:00:00Z,CANN,1.9129166503747304,Wind Speed avg
2023-07-30T16:00:00Z,CANN,1.8362500125852723,Wind Speed avg
2023-08-01T16:00:00Z,CANN,7.556250075499217,Wind Speed avg
2023-07-31T16:00:00Z,CANN,4.452916679282983,Wind Speed avg
2023-08-06T16:00:00Z,CANN,1.9583333481568843,Wind Speed avg
2023-08-05T16:00:00Z,CANN,1.1220833349507302,Wind Speed avg
2023-08-02T16:00:00Z,CANN,3.027499996436139,Wind Speed avg
2023-08-16T16:00:00Z,CANN,1.8241666511942942,Wind Speed avg
2023-08-15T16:00:00Z,CANN,4.626875001937151,Wind Speed avg
2023-08-07T16:00:00Z,CANN,0.8837499991059303,Wind Speed avg
2023-08-20T16:00:00Z,CANN,2.114583340783914,Wind Speed avg
2023-08-23T16:00:00Z,CANN,1.3933333394428093,Wind Speed avg
2023-08-21T16:00:00Z,CANN,0.958749994635582,Wind Speed avg
2023-08-22T16:00:00Z,CANN,1.8645833445092042,Wind Speed avg
2023-08-24T16:00:00Z,CANN,2.1595833022147417,Wind Speed avg
2023-08-25T16:00:00Z,CANN,1.9579166726519663,Wind Speed avg
2023-08-26T16:00:00Z,CANN,1.2708333190530539,Wind Speed avg
2023-08-27T16:00:00Z,CANN,2.352499967440963,Wind Speed avg
2023-08-28T16:00:00Z,CANN,3.812916688621044,Wind Speed avg
2023-08-29T16:00:00Z,CANN,4.474999997764826,Wind Speed avg
2023-08-30T16:00:00Z,CANN,2.246249992400408,Wind Speed avg
2023-08-31T16:00:00Z,CANN,5.208333350718021,Wind Speed avg
2023-09-01T16:00:00Z,CANN,5.503333353747924,Wind Speed avg
2023-09-05T16:00:00Z,CANN,6.232083419958751,Wind Speed avg
2023-09-04T16:00:00Z,CANN,4.713750049471855,Wind Speed avg
2023-09-06T16:00:00Z,CANN,2.379166670764486,Wind Speed avg
2023-09-02T16:00:00Z,CANN,10.180000066757202,Wind Speed avg
2023-09-03T16:00:00Z,CANN,6.499583370983601,Wind Speed avg
2023-09-09T16:00:00Z,CANN,2.330416642750303,Wind Speed avg
2023-09-08T16:00:00Z,CANN,3.6825000134607158,Wind Speed avg
2023-09-16T16:00:00Z,CANN,4.093333352357149,Wind Speed avg
2023-09-15T16:00:00Z,CANN,2.7516666632145643,Wind Speed avg
2023-09-17T16:00:00Z,CANN,3.886666677892208,Wind Speed avg
2023-09-07T16:00:00Z,CANN,2.9208333057661853,Wind Speed avg
2023-09-10T16:00:00Z,CANN,3.033749976505836,Wind Speed avg
2023-09-11T16:00:00Z,CANN,3.978333300600449,Wind Speed avg
2023-09-18T16:00:00Z,CANN,3.910416683803002,Wind Speed avg
2023-09-19T16:00:00Z,CANN,2.6749999777724347,Wind Speed avg
2023-09-12T16:00:00Z,CANN,9.57666659851869,Wind Speed avg
2023-09-13T16:00:00Z,CANN,5.755833258231481,Wind Speed avg
2023-09-14T16:00:00Z,CANN,3.7095833693941436,Wind Speed avg
2023-09-20T16:00:00Z,CANN,1.7595833353698254,Wind Speed avg
2023-09-21T16:00:00Z,CANN,3.3645833171904087,Wind Speed avg
2023-09-22T16:00:00Z,CANN,4.140416666865349,Wind Speed avg
2023-09-23T16:00:00Z,CANN,4.089583372076352,Wind Speed avg
2023-09-25T16:00:00Z,CANN,2.599999994660417,Wind Speed avg
2023-09-24T16:00:00Z,CANN,4.044583287090063,Wind Speed avg
2023-09-26T16:00:00Z,CANN,2.917916667958101,Wind Speed avg
2023-09-28T16:00:00Z,CANN,4.070000051210324,Wind Speed avg
2023-09-27T16:00:00Z,CANN,2.6041666815678277,Wind Speed avg
2023-10-05T16:00:00Z,CANN,3.980416672925154,Wind Speed avg
2023-10-04T16:00:00Z,CANN,4.212916687130928,Wind Speed avg
2023-10-06T16:00:00Z,CANN,3.7216666837533317,Wind Speed avg
2023-10-07T16:00:00Z,CANN,3.390833376596371,Wind Speed avg
2023-10-09T16:00:00Z,CANN,5.478333368897438,Wind Speed avg
2023-10-08T16:00:00Z,CANN,3.4479166312764087,Wind Speed avg
2023-10-11T16:00:00Z,CANN,6.191250051061313,Wind Speed avg
2023-10-10T16:00:00Z,CANN,4.864999933789174,Wind Speed avg
2023-10-14T16:00:00Z,CANN,6.828333308299382,Wind Speed avg
2023-10-13T16:00:00Z,CANN,5.570833335320155,Wind Speed avg
2023-10-18T16:00:00Z,CANN,4.437916595488787,Wind Speed avg
2023-10-17T16:00:00Z,CANN,4.261666692793369,Wind Speed avg
2023-10-12T16:00:00Z,CANN,4.495833333581686,Wind Speed avg
2023-10-16T16:00:00Z,CANN,5.033749993269642,Wind Speed avg
2023-10-19T16:00:00Z,CANN,3.3779166589180627,Wind Speed avg
2023-10-15T16:00:00Z,CANN,4.231250029057264,Wind Speed avg
2023-10-21T16:00:00Z,CANN,0.8174999915063381,Wind Speed avg
2023-10-20T16:00:00Z,CANN,2.432916697114706,Wind Speed avg
2023-10-24T16:00:00Z,CANN,5.837083303680022,Wind Speed avg
2023-10-23T16:00:00Z,CANN,6.889583267271519,Wind Speed avg
2023-10-25T16:00:00Z,CANN,4.649999987334013,Wind Speed avg
2023-10-31T16:00:00Z,CANN,4.702499998112519,Wind Speed avg
2023-10-30T16:00:00Z,CANN,6.749583343664805,Wind Speed avg
2023-11-01T16:00:00Z,CANN,6.410833336412907,Wind Speed avg
2023-11-02T16:00:00Z,CANN,10.160833358764648,Wind Speed avg
2023-10-22T16:00:00Z,CANN,6.53812500834465,Wind Speed avg
2023-10-27T16:00:00Z,CANN,6.010833362738292,Wind Speed avg
2023-10-26T16:00:00Z,CANN,5.4133333166440325,Wind Speed avg
2023-10-28T16:00:00Z,CANN,3.724583365023136,Wind Speed avg
2023-10-29T16:00:00Z,CANN,6.131249964237213,Wind Speed avg
2023-11-11T16:00:00Z,CANN,8.084166693190733,Wind Speed avg
2023-11-10T16:00:00Z,CANN,10.659583250681559,Wind Speed avg
2023-11-13T16:00:00Z,CANN,5.539999994138877,Wind Speed avg
2023-11-12T16:00:00Z,CANN,5.410416625440121,Wind Speed avg
2023-11-04T16:00:00Z,CANN,3.8137500043958426,Wind Speed avg
2023-11-03T16:00:00Z,CANN,7.76916672103107,Wind Speed avg
2023-11-08T16:00:00Z,CANN,6.014583319425583,Wind Speed avg
2023-11-07T16:00:00Z,CANN,4.026666632543008,Wind Speed avg
2023-11-05T16:00:00Z,CANN,3.979583317413926,Wind Speed avg
2023-11-06T16:00:00Z,CANN,4.572083378831546,Wind Speed avg
2023-11-15T16:00:00Z,CANN,9.991250038146973,Wind Speed avg
2023-11-14T16:00:00Z,CANN,9.758333285649618,Wind Speed avg
2023-11-18T16:00:00Z,CANN,3.80791666607062,Wind Speed avg
2023-11-09T16:00:00Z,CANN,6.0770832896232605,Wind Speed avg
2023-11-19T16:00:00Z,CANN,7.64791667709748,Wind Speed avg
2023-11-20T16:00:00Z,CANN,10.841250042120615,Wind Speed avg
2023-11-21T16:00:00Z,CANN,11.649999965320934,Wind Speed avg
2023-11-22T16:00:00Z,CANN,7.334090948104858,Wind Speed avg
2023-11-23T16:00:00Z,CANN,3.599545479498126,Wind Speed avg
2023-11-24T16:00:00Z,CANN,3.935454539277337,Wind Speed avg
2023-11-25T16:00:00Z,CANN,7.092272698879242,Wind Speed avg
2023-11-26T16:00:00Z,CANN,4.11181815104051,Wind Speed avg
2023-11-27T16:00:00Z,CANN,4.493636301972649,Wind Speed avg
2023-11-28T16:00:00Z,CANN,3.7281817373904316,Wind Speed avg
2023-11-29T16:00:00Z,CANN,4.14874998293817,Wind Speed avg
2023-11-30T16:00:00Z,CANN,4.683749962598085,Wind Speed avg
2023-12-01T16:00:00Z,CANN,1.0900000035762787,Wind Speed avg
2023-12-05T16:00:00Z,CANN,5.587500030795733,Wind Speed avg
2023-12-04T16:00:00Z,CANN,6.131249964237213,Wind Speed avg
2023-12-06T16:00:00Z,CANN,5.728181844407862,Wind Speed avg
2023-12-07T16:00:00Z,CANN,7.325909094376997,Wind Speed avg
2023-12-08T16:00:00Z,CANN,10.242272680455988,Wind Speed avg
2023-12-09T16:00:00Z,CANN,8.791818104007028,Wind Speed avg
2023-12-10T16:00:00Z,CANN,6.450000091032549,Wind Speed avg
2023-12-11T16:00:00Z,CANN,4.5277272381565785,Wind Speed avg
2023-12-12T16:00:00Z,CANN,4.535454544831406,Wind Speed avg
2023-12-13T16:00:00Z,CANN,6.345454530282454,Wind Speed avg
2023-12-14T16:00:00Z,CANN,6.187272760001096,Wind Speed avg
2023-12-15T16:00:00Z,CANN,5.985454515977339,Wind Speed avg
2023-12-16T16:00:00Z,CANN,7.279090968045321,Wind Speed avg
2023-12-17T16:00:00Z,CANN,10.483181823383678,Wind Speed avg
2023-12-18T16:00:00Z,CANN,10.991363677111538,Wind Speed avg
2023-12-19T16:00:00Z,CANN,11.648636254397305,Wind Speed avg
2023-12-20T16:00:00Z,CANN,10.740454587069424,Wind Speed avg
2023-12-21T16:00:00Z,CANN,4.309545475650918,Wind Speed avg
2023-12-22T16:00:00Z,CANN,6.570909091017463,Wind Speed avg
2023-12-23T16:00:00Z,CANN,7.4972728219899265,Wind Speed avg
2023-12-24T16:00:00Z,CANN,4.58636366779154,Wind Speed avg
2023-12-25T16:00:00Z,CANN,2.89142860685076,Wind Speed avg
2024-01-02T16:00:00Z,CANN,13.420416553815206,Wind Speed avg
2024-01-01T16:00:00Z,CANN,11.6424999833107,Wind Speed avg
2024-01-03T16:00:00Z,CANN,12.462916572888693,Wind Speed avg
2024-01-04T16:00:00Z,CANN,8.801666716734568,Wind Speed avg
2024-01-05T16:00:00Z,CANN,5.313749970247348,Wind Speed avg
2024-01-06T16:00:00Z,CANN,4.157499965280294,Wind Speed avg
2024-01-08T16:00:00Z,CANN,6.243333324790001,Wind Speed avg
2024-01-07T16:00:00Z,CANN,4.81833332280318,Wind Speed avg
2024-01-09T16:00:00Z,CANN,6.143636356700551,Wind Speed avg
2024-01-10T16:00:00Z,CANN,5.098636383360082,Wind Speed avg
2024-01-11T16:00:00Z,CANN,8.914090850136496,Wind Speed avg
2024-01-12T16:00:00Z,CANN,5.939999967813492,Wind Speed avg
2023-01-01T16:00:00Z,CANN,34.04999987284342,Relative Humidity Avg
2022-12-31T16:00:00Z,CANN,49.200000047683716,Relative Humidity Avg
2023-01-02T16:00:00Z,CANN,34.74583339691162,Relative Humidity Avg
2023-01-03T16:00:00Z,CANN,33.862500071525574,Relative Humidity Avg
2023-01-04T16:00:00Z,CANN,28.75000007947286,Relative Humidity Avg
2023-01-05T16:00:00Z,CANN,41.891666968663536,Relative Humidity Avg
2023-01-06T16:00:00Z,CANN,54.61666679382324,Relative Humidity Avg
2023-01-09T16:00:00Z,CANN,53.34583338101705,Relative Humidity Avg
2023-01-08T16:00:00Z,CANN,44.025000174840294,Relative Humidity Avg
2023-01-15T16:00:00Z,CANN,53.74166695276896,Relative Humidity Avg
2023-01-14T16:00:00Z,CANN,43.275000174840294,Relative Humidity Avg
2023-12-23T16:00:00Z,CANN,40.91363646767356,Relative Humidity Avg
2023-01-07T16:00:00Z,CANN,55.09583330154419,Relative Humidity Avg
2023-01-13T16:00:00Z,CANN,36.41249990463257,Relative Humidity Avg
2023-12-22T16:00:00Z,CANN,39.76363624225963,Relative Humidity Avg
2024-01-19T16:00:00Z,CANN,56.98181802576239,Relative Humidity Avg
2023-01-10T16:00:00Z,CANN,57.649999936421715,Relative Humidity Avg
2023-01-11T16:00:00Z,CANN,56.61249955495199,Relative Humidity Avg
2023-01-12T16:00:00Z,CANN,61.25416707992554,Relative Humidity Avg
2023-01-16T16:00:00Z,CANN,40.924999952316284,Relative Humidity Avg
2023-01-17T16:00:00Z,CANN,33.10833342870077,Relative Humidity Avg
2023-01-18T16:00:00Z,CANN,36.970833698908486,Relative Humidity Avg
2023-01-19T16:00:00Z,CANN,38.51250012715658,Relative Humidity Avg
2023-01-25T16:00:00Z,CANN,46.733333031336464,Relative Humidity Avg
2023-01-24T16:00:00Z,CANN,47.387500524520874,Relative Humidity Avg
2023-01-26T16:00:00Z,CANN,57.116665840148926,Relative Humidity Avg
2023-01-20T16:00:00Z,CANN,26.579166571299236,Relative Humidity Avg
2023-01-22T16:00:00Z,CANN,60.86249979337057,Relative Humidity Avg
2023-01-21T16:00:00Z,CANN,53.28333314259847,Relative Humidity Avg
2023-01-23T16:00:00Z,CANN,59.10000022252401,Relative Humidity Avg
2023-02-10T16:00:00Z,CANN,55.954166889190674,Relative Humidity Avg
2023-02-09T16:00:00Z,CANN,60.58333349227905,Relative Humidity Avg
2023-01-27T16:00:00Z,CANN,46.96666685740153,Relative Humidity Avg
2023-01-28T16:00:00Z,CANN,32.774999936421715,Relative Humidity Avg
2023-01-29T16:00:00Z,CANN,33.81666628519694,Relative Humidity Avg
2023-01-30T16:00:00Z,CANN,39.987500270207725,Relative Humidity Avg
2023-01-31T16:00:00Z,CANN,42.308333237965904,Relative Humidity Avg
2023-02-05T16:00:00Z,CANN,68.67916679382324,Relative Humidity Avg
2023-02-01T16:00:00Z,CANN,33.65416657924652,Relative Humidity Avg
2023-02-02T16:00:00Z,CANN,34.86666659514109,Relative Humidity Avg
2023-02-03T16:00:00Z,CANN,23.24583339691162,Relative Humidity Avg
2023-02-12T16:00:00Z,CANN,40.39583341280619,Relative Humidity Avg
2023-02-11T16:00:00Z,CANN,46.46666653951009,Relative Humidity Avg
2023-02-16T16:00:00Z,CANN,62.62083307902018,Relative Humidity Avg
2023-02-15T16:00:00Z,CANN,60.695833683013916,Relative Humidity Avg
2023-12-24T16:00:00Z,CANN,41.36818166212602,Relative Humidity Avg
2023-02-04T16:00:00Z,CANN,55.21250049273173,Relative Humidity Avg
2023-02-06T16:00:00Z,CANN,67.27083285649617,Relative Humidity Avg
2023-02-07T16:00:00Z,CANN,56.37499984105428,Relative Humidity Avg
2023-02-08T16:00:00Z,CANN,55.78750038146973,Relative Humidity Avg
2023-02-13T16:00:00Z,CANN,61.75833320617676,Relative Humidity Avg
2023-02-17T16:00:00Z,CANN,48.979166189829506,Relative Humidity Avg
2023-02-24T16:00:00Z,CANN,36.854166746139526,Relative Humidity Avg
2023-02-23T16:00:00Z,CANN,30.704166412353516,Relative Humidity Avg
2023-02-14T16:00:00Z,CANN,65.05416599909465,Relative Humidity Avg
2023-02-20T16:00:00Z,CANN,62.91250038146973,Relative Humidity Avg
2023-02-19T16:00:00Z,CANN,43.870833237965904,Relative Humidity Avg
2023-02-18T16:00:00Z,CANN,45.69583304723104,Relative Humidity Avg
2023-02-21T16:00:00Z,CANN,68.77916653951009,Relative Humidity Avg
2023-02-22T16:00:00Z,CANN,51.17916671435038,Relative Humidity Avg
2023-12-25T16:00:00Z,CANN,77.44285583496094,Relative Humidity Avg
2024-01-02T16:00:00Z,CANN,40.949999888738,Relative Humidity Avg
2023-02-25T16:00:00Z,CANN,36.37083339691162,Relative Humidity Avg
2023-02-26T16:00:00Z,CANN,27.18333335717519,Relative Humidity Avg
2023-02-27T16:00:00Z,CANN,36.37916660308838,Relative Humidity Avg
2023-03-04T16:00:00Z,CANN,57.27083349227905,Relative Humidity Avg
2023-03-03T16:00:00Z,CANN,63.029165744781494,Relative Humidity Avg
2023-03-10T16:00:00Z,CANN,55.366666316986084,Relative Humidity Avg
2023-03-09T16:00:00Z,CANN,65.55416647593181,Relative Humidity Avg
2023-02-28T16:00:00Z,CANN,39.258333126703896,Relative Humidity Avg
2023-03-01T16:00:00Z,CANN,36.91666634877523,Relative Humidity Avg
2023-03-02T16:00:00Z,CANN,66.00000015894572,Relative Humidity Avg
2023-03-05T16:00:00Z,CANN,55.94999965031942,Relative Humidity Avg
2023-03-06T16:00:00Z,CANN,41.21666677792867,Relative Humidity Avg
2023-03-17T16:00:00Z,CANN,56.25416612625122,Relative Humidity Avg
2023-03-16T16:00:00Z,CANN,61.645833333333336,Relative Humidity Avg
2023-03-07T16:00:00Z,CANN,37.600000301996864,Relative Humidity Avg
2023-03-14T16:00:00Z,CANN,69.3250002861023,Relative Humidity Avg
2023-03-13T16:00:00Z,CANN,63.45416657129923,Relative Humidity Avg
2023-03-08T16:00:00Z,CANN,70.52083253860474,Relative Humidity Avg
2023-03-18T16:00:00Z,CANN,40.27083349227905,Relative Humidity Avg
2023-03-11T16:00:00Z,CANN,51.68333395322164,Relative Humidity Avg
2023-03-12T16:00:00Z,CANN,68.99166584014893,Relative Humidity Avg
2023-03-15T16:00:00Z,CANN,77.83333349227905,Relative Humidity Avg
2023-03-29T16:00:00Z,CANN,48.83333365122477,Relative Humidity Avg
2023-03-28T16:00:00Z,CANN,41.24166679382324,Relative Humidity Avg
2023-03-30T16:00:00Z,CANN,76.9499994913737,Relative Humidity Avg
2023-03-22T16:00:00Z,CANN,69.45416673024495,Relative Humidity Avg
2023-03-21T16:00:00Z,CANN,59.67083342870077,Relative Humidity Avg
2023-03-24T16:00:00Z,CANN,67.3250002861023,Relative Humidity Avg
2023-03-23T16:00:00Z,CANN,78.99166663487752,Relative Humidity Avg
2023-03-19T16:00:00Z,CANN,32.829166650772095,Relative Humidity Avg
2023-03-20T16:00:00Z,CANN,40.21249985694885,Relative Humidity Avg
2023-03-25T16:00:00Z,CANN,63.441665967305504,Relative Humidity Avg
2023-03-26T16:00:00Z,CANN,55.89583269755045,Relative Humidity Avg
2023-03-31T16:00:00Z,CANN,69.05416663487752,Relative Humidity Avg
2023-04-01T16:00:00Z,CANN,70.25416723887126,Relative Humidity Avg
2024-01-01T16:00:00Z,CANN,45.018749952316284,Relative Humidity Avg
2023-03-27T16:00:00Z,CANN,42.36249987284342,Relative Humidity Avg
2024-01-04T16:00:00Z,CANN,44.89583365122477,Relative Humidity Avg
2024-01-03T16:00:00Z,CANN,40.26249957084656,Relative Humidity Avg
2023-04-02T16:00:00Z,CANN,69.12916692097981,Relative Humidity Avg
2023-04-03T16:00:00Z,CANN,62.4375,Relative Humidity Avg
2023-04-04T16:00:00Z,CANN,67.34583330154419,Relative Humidity Avg
2023-04-05T16:00:00Z,CANN,61.75416739781698,Relative Humidity Avg
2023-04-07T16:00:00Z,CANN,66.4375,Relative Humidity Avg
2023-04-06T16:00:00Z,CANN,62.079166094462074,Relative Humidity Avg
2023-04-09T16:00:00Z,CANN,71.45416673024495,Relative Humidity Avg
2023-04-08T16:00:00Z,CANN,68.05000019073486,Relative Humidity Avg
2023-04-10T16:00:00Z,CANN,61.83749961853027,Relative Humidity Avg
2023-04-11T16:00:00Z,CANN,78.3333330154419,Relative Humidity Avg
2023-04-12T16:00:00Z,CANN,73.11250066757202,Relative Humidity Avg
2023-04-14T16:00:00Z,CANN,77.45416720708211,Relative Humidity Avg
2023-04-13T16:00:00Z,CANN,64.08750025431316,Relative Humidity Avg
2023-04-15T16:00:00Z,CANN,81.41666762034099,Relative Humidity Avg
2023-04-19T16:00:00Z,CANN,45.52499977747599,Relative Humidity Avg
2023-04-18T16:00:00Z,CANN,46.23750066757202,Relative Humidity Avg
2023-04-16T16:00:00Z,CANN,76.09999990463257,Relative Humidity Avg
2023-04-17T16:00:00Z,CANN,58.58333365122477,Relative Humidity Avg
2023-04-22T16:00:00Z,CANN,58.06249944368998,Relative Humidity Avg
2023-04-28T16:00:00Z,CANN,67.94583352406819,Relative Humidity Avg
2023-04-27T16:00:00Z,CANN,62.04166714350382,Relative Humidity Avg
2023-04-20T16:00:00Z,CANN,50.554166396458946,Relative Humidity Avg
2023-04-21T16:00:00Z,CANN,47.17916623751322,Relative Humidity Avg
2023-04-26T16:00:00Z,CANN,63.79999987284342,Relative Humidity Avg
2023-04-23T16:00:00Z,CANN,69.46666653951009,Relative Humidity Avg
2023-04-24T16:00:00Z,CANN,80.45000060399373,Relative Humidity Avg
2023-04-25T16:00:00Z,CANN,75.71666606267293,Relative Humidity Avg
2023-09-30T16:00:00Z,CANN,72.5416669845581,Relative Humidity Avg
2023-09-29T16:00:00Z,CANN,65.02916622161865,Relative Humidity Avg
2023-10-02T16:00:00Z,CANN,60.28333330154419,Relative Humidity Avg
2023-10-01T16:00:00Z,CANN,57.90416669845581,Relative Humidity Avg
2023-10-03T16:00:00Z,CANN,67.61250034968059,Relative Humidity Avg
2023-04-29T16:00:00Z,CANN,66.0625,Relative Humidity Avg
2023-05-01T16:00:00Z,CANN,59.78749958674113,Relative Humidity Avg
2023-04-30T16:00:00Z,CANN,66.60000054041545,Relative Humidity Avg
2023-05-02T16:00:00Z,CANN,54.53750046094259,Relative Humidity Avg
2023-05-04T16:00:00Z,CANN,59.10416650772095,Relative Humidity Avg
2023-05-03T16:00:00Z,CANN,62.712499936421715,Relative Humidity Avg
2024-01-07T16:00:00Z,CANN,42.204166889190674,Relative Humidity Avg
2024-01-06T16:00:00Z,CANN,38.95416673024496,Relative Humidity Avg
2023-05-05T16:00:00Z,CANN,67.40416669845581,Relative Humidity Avg
2024-01-05T16:00:00Z,CANN,47.575000286102295,Relative Humidity Avg
2024-01-18T16:00:00Z,CANN,61.318181644786485,Relative Humidity Avg
2023-05-06T16:00:00Z,CANN,58.80833292007446,Relative Humidity Avg
2023-05-07T16:00:00Z,CANN,40.59166701634725,Relative Humidity Avg
2023-05-08T16:00:00Z,CANN,54.808332999547325,Relative Humidity Avg
2023-05-09T16:00:00Z,CANN,74.37083292007446,Relative Humidity Avg
2023-05-10T16:00:00Z,CANN,65.32083320617676,Relative Humidity Avg
2023-05-13T16:00:00Z,CANN,71.13749965031941,Relative Humidity Avg
2023-05-12T16:00:00Z,CANN,78.24583371480306,Relative Humidity Avg
2023-05-16T16:00:00Z,CANN,47.22083361943563,Relative Humidity Avg
2023-05-15T16:00:00Z,CANN,64.62083276112874,Relative Humidity Avg
2023-05-17T16:00:00Z,CANN,36.28749974568685,Relative Humidity Avg
2023-05-11T16:00:00Z,CANN,60.64999961853027,Relative Humidity Avg
2023-05-18T16:00:00Z,CANN,41.48333326975504,Relative Humidity Avg
2023-05-20T16:00:00Z,CANN,47.691667238871254,Relative Humidity Avg
2023-05-19T16:00:00Z,CANN,56.92083342870077,Relative Humidity Avg
2023-05-22T16:00:00Z,CANN,62.166666984558105,Relative Humidity Avg
2023-05-21T16:00:00Z,CANN,48.316666762034096,Relative Humidity Avg
2023-05-14T16:00:00Z,CANN,64.60416746139526,Relative Humidity Avg
2023-05-26T16:00:00Z,CANN,68.57916641235352,Relative Humidity Avg
2023-05-25T16:00:00Z,CANN,57.666666666666664,Relative Humidity Avg
2023-05-31T16:00:00Z,CANN,82.44166644414265,Relative Humidity Avg
2023-05-30T16:00:00Z,CANN,91.97916730244954,Relative Humidity Avg
2023-06-04T16:00:00Z,CANN,87.44166692097981,Relative Humidity Avg
2023-05-27T16:00:00Z,CANN,90.52499866485596,Relative Humidity Avg
2023-06-02T16:00:00Z,CANN,74.84999974568684,Relative Humidity Avg
2023-06-01T16:00:00Z,CANN,75.70000012715657,Relative Humidity Avg
2023-06-03T16:00:00Z,CANN,76.32916625340779,Relative Humidity Avg
2023-05-23T16:00:00Z,CANN,69.88749917348225,Relative Humidity Avg
2023-05-29T16:00:00Z,CANN,63.233333110809326,Relative Humidity Avg
2023-05-28T16:00:00Z,CANN,45.50625014305115,Relative Humidity Avg
2023-05-24T16:00:00Z,CANN,65.66666634877522,Relative Humidity Avg
2023-06-05T16:00:00Z,CANN,83.26249933242798,Relative Humidity Avg
2023-06-10T16:00:00Z,CANN,63.0625,Relative Humidity Avg
2023-06-09T16:00:00Z,CANN,85.43750063578288,Relative Humidity Avg
2024-01-08T16:00:00Z,CANN,51.29166682561239,Relative Humidity Avg
2023-06-07T16:00:00Z,CANN,93.49166679382324,Relative Humidity Avg
2023-06-06T16:00:00Z,CANN,87.99583276112874,Relative Humidity Avg
2023-06-08T16:00:00Z,CANN,87.08333365122478,Relative Humidity Avg
2024-01-09T16:00:00Z,CANN,48.668181506070226,Relative Humidity Avg
2024-01-10T16:00:00Z,CANN,51.581817626953125,Relative Humidity Avg
2023-06-11T16:00:00Z,CANN,79.53333298365276,Relative Humidity Avg
2023-06-12T16:00:00Z,CANN,78.41666682561238,Relative Humidity Avg
2023-06-13T16:00:00Z,CANN,71.25416628519694,Relative Humidity Avg
2023-06-14T16:00:00Z,CANN,70.70833349227905,Relative Humidity Avg
2023-06-15T16:00:00Z,CANN,72.33750041325887,Relative Humidity Avg
2023-06-16T16:00:00Z,CANN,71.83333317438762,Relative Humidity Avg
2023-06-17T16:00:00Z,CANN,69.03333314259847,Relative Humidity Avg
2023-06-18T16:00:00Z,CANN,66.23333326975505,Relative Humidity Avg
2023-06-20T16:00:00Z,CANN,77.8874994913737,Relative Humidity Avg
2023-06-19T16:00:00Z,CANN,82.55833355585735,Relative Humidity Avg
2023-06-21T16:00:00Z,CANN,78.74999984105428,Relative Humidity Avg
2023-06-22T16:00:00Z,CANN,78.31250063578288,Relative Humidity Avg
2024-01-20T16:00:00Z,CANN,60.96363657171076,Relative Humidity Avg
2024-01-21T16:00:00Z,CANN,59.11666615804037,Relative Humidity Avg
2023-06-23T16:00:00Z,CANN,85.06250031789143,Relative Humidity Avg
2023-06-24T16:00:00Z,CANN,79.12083307902019,Relative Humidity Avg
2023-07-07T16:00:00Z,CANN,88.98333358764648,Relative Humidity Avg
2023-07-06T16:00:00Z,CANN,77.83333365122478,Relative Humidity Avg
2023-06-25T16:00:00Z,CANN,75.60833247502644,Relative Humidity Avg
2023-06-27T16:00:00Z,CANN,77.14166593551636,Relative Humidity Avg
2023-06-26T16:00:00Z,CANN,77.58333269755046,Relative Humidity Avg
2023-07-02T16:00:00Z,CANN,75.3333330154419,Relative Humidity Avg
2023-07-01T16:00:00Z,CANN,49.43333355585734,Relative Humidity Avg
2023-06-28T16:00:00Z,CANN,72.98749955495198,Relative Humidity Avg
2023-07-04T16:00:00Z,CANN,72.84583346048991,Relative Humidity Avg
2023-07-03T16:00:00Z,CANN,62.141666412353516,Relative Humidity Avg
2023-06-29T16:00:00Z,CANN,69.33750057220459,Relative Humidity Avg
2023-06-30T16:00:00Z,CANN,66.58750009536743,Relative Humidity Avg
2023-07-10T16:00:00Z,CANN,72.9416659673055,Relative Humidity Avg
2023-07-09T16:00:00Z,CANN,79.84166685740153,Relative Humidity Avg
2023-07-16T16:00:00Z,CANN,64.77083349227905,Relative Humidity Avg
2023-07-15T16:00:00Z,CANN,60.44166652361552,Relative Humidity Avg
2024-01-11T16:00:00Z,CANN,45.372727220708676,Relative Humidity Avg
2023-07-05T16:00:00Z,CANN,81.8250002861023,Relative Humidity Avg
2023-07-08T16:00:00Z,CANN,79.02083365122478,Relative Humidity Avg
2023-11-17T16:00:00Z,CANN,39.462500174840294,Relative Humidity Avg
2023-11-16T16:00:00Z,CANN,46.550000031789146,Relative Humidity Avg
2023-07-14T16:00:00Z,CANN,69.11666631698608,Relative Humidity Avg
2023-07-12T16:00:00Z,CANN,71.74583307902019,Relative Humidity Avg
2023-07-11T16:00:00Z,CANN,74.81249984105428,Relative Humidity Avg
2023-07-13T16:00:00Z,CANN,69.32083320617676,Relative Humidity Avg
2024-01-12T16:00:00Z,CANN,36.613636537031695,Relative Humidity Avg
2023-07-17T16:00:00Z,CANN,66.0583332379659,Relative Humidity Avg
2023-07-18T16:00:00Z,CANN,69.78749974568684,Relative Humidity Avg
2023-07-19T16:00:00Z,CANN,84.12083339691162,Relative Humidity Avg
2023-07-20T16:00:00Z,CANN,82.02083365122478,Relative Humidity Avg
2023-07-24T16:00:00Z,CANN,60.47500038146973,Relative Humidity Avg
2023-07-23T16:00:00Z,CANN,46.01250012715658,Relative Humidity Avg
2023-07-27T16:00:00Z,CANN,71.66249974568684,Relative Humidity Avg
2023-07-26T16:00:00Z,CANN,79.97499974568684,Relative Humidity Avg
2023-07-21T16:00:00Z,CANN,76.89583269755046,Relative Humidity Avg
2023-07-22T16:00:00Z,CANN,61.74583355585734,Relative Humidity Avg
2023-07-30T16:00:00Z,CANN,79.99166679382324,Relative Humidity Avg
2023-07-29T16:00:00Z,CANN,87.29999987284343,Relative Humidity Avg
2023-08-02T16:00:00Z,CANN,70.55416695276897,Relative Humidity Avg
2023-08-01T16:00:00Z,CANN,62.47083330154419,Relative Humidity Avg
2023-07-25T16:00:00Z,CANN,82.59166685740153,Relative Humidity Avg
2023-07-28T16:00:00Z,CANN,81.86666615804036,Relative Humidity Avg
2023-07-31T16:00:00Z,CANN,60.24999968210856,Relative Humidity Avg
2023-08-18T16:00:00Z,CANN,76.29166714350383,Relative Humidity Avg
2023-08-17T16:00:00Z,CANN,77.40416685740153,Relative Humidity Avg
2023-08-22T16:00:00Z,CANN,73.62916660308838,Relative Humidity Avg
2023-08-21T16:00:00Z,CANN,71.49166711171468,Relative Humidity Avg
2023-08-03T16:00:00Z,CANN,69.58333381017049,Relative Humidity Avg
2023-08-04T16:00:00Z,CANN,67.62500015894572,Relative Humidity Avg
2023-08-06T16:00:00Z,CANN,78.62083387374878,Relative Humidity Avg
2023-08-05T16:00:00Z,CANN,70.68333371480306,Relative Humidity Avg
2023-08-07T16:00:00Z,CANN,84.55000019073486,Relative Humidity Avg
2023-08-16T16:00:00Z,CANN,80.01250044504802,Relative Humidity Avg
2023-08-15T16:00:00Z,CANN,60.02500009536743,Relative Humidity Avg
2024-01-13T16:00:00Z,CANN,47.363636537031695,Relative Humidity Avg
2024-01-14T16:00:00Z,CANN,67.35908993807706,Relative Humidity Avg
2023-08-19T16:00:00Z,CANN,78.92916615804036,Relative Humidity Avg
2023-08-20T16:00:00Z,CANN,71.42499987284343,Relative Humidity Avg
2023-08-23T16:00:00Z,CANN,76.14166688919067,Relative Humidity Avg
2023-08-24T16:00:00Z,CANN,67.20416657129924,Relative Humidity Avg
2023-08-25T16:00:00Z,CANN,72.99166711171468,Relative Humidity Avg
2023-08-27T16:00:00Z,CANN,78.09999974568684,Relative Humidity Avg
2023-08-26T16:00:00Z,CANN,74.66666682561238,Relative Humidity Avg
2023-08-28T16:00:00Z,CANN,66.90000009536743,Relative Humidity Avg
2023-08-31T16:00:00Z,CANN,81.04999923706055,Relative Humidity Avg
2023-08-30T16:00:00Z,CANN,50.99583315849304,Relative Humidity Avg
2023-09-01T16:00:00Z,CANN,72.69999996821086,Relative Humidity Avg
2023-08-29T16:00:00Z,CANN,56.454166412353516,Relative Humidity Avg
2023-09-06T16:00:00Z,CANN,56.90833250681559,Relative Humidity Avg
2023-09-05T16:00:00Z,CANN,59.424999713897705,Relative Humidity Avg
2023-09-02T16:00:00Z,CANN,59.09166669845581,Relative Humidity Avg
2023-09-03T16:00:00Z,CANN,70.39999961853027,Relative Humidity Avg
2023-09-04T16:00:00Z,CANN,79.59583377838135,Relative Humidity Avg
2023-09-07T16:00:00Z,CANN,37.854166746139526,Relative Humidity Avg
2023-09-09T16:00:00Z,CANN,81.11666599909465,Relative Humidity Avg
2023-09-08T16:00:00Z,CANN,54.61249963442484,Relative Humidity Avg
2023-09-10T16:00:00Z,CANN,76.57083336512248,Relative Humidity Avg
2023-09-11T16:00:00Z,CANN,77.09166606267293,Relative Humidity Avg
2023-09-12T16:00:00Z,CANN,78.162500222524,Relative Humidity Avg
2023-09-14T16:00:00Z,CANN,76.99999968210857,Relative Humidity Avg
2023-09-13T16:00:00Z,CANN,66.94999980926514,Relative Humidity Avg
2023-09-19T16:00:00Z,CANN,63.037500063578285,Relative Humidity Avg
2023-09-18T16:00:00Z,CANN,72.08750041325887,Relative Humidity Avg
2024-01-15T16:00:00Z,CANN,56.813636953180485,Relative Humidity Avg
2024-01-16T16:00:00Z,CANN,60.21818161010742,Relative Humidity Avg
2023-09-17T16:00:00Z,CANN,67.63333384195964,Relative Humidity Avg
2023-09-15T16:00:00Z,CANN,77.20416641235352,Relative Humidity Avg
2023-09-16T16:00:00Z,CANN,64.56250015894572,Relative Humidity Avg
2023-09-20T16:00:00Z,CANN,67.40416669845581,Relative Humidity Avg
2023-09-21T16:00:00Z,CANN,67.00833368301392,Relative Humidity Avg
2023-09-22T16:00:00Z,CANN,70.72083393732707,Relative Humidity Avg
2023-09-23T16:00:00Z,CANN,68.02916653951009,Relative Humidity Avg
2023-09-24T16:00:00Z,CANN,67.40833330154419,Relative Humidity Avg
2023-09-25T16:00:00Z,CANN,66.81666580835979,Relative Humidity Avg
2023-09-28T16:00:00Z,CANN,77.18333307902019,Relative Humidity Avg
2023-09-27T16:00:00Z,CANN,67.68333371480306,Relative Humidity Avg
2023-09-26T16:00:00Z,CANN,45.68749968210856,Relative Humidity Avg
2023-10-09T16:00:00Z,CANN,63.183333237965904,Relative Humidity Avg
2023-10-08T16:00:00Z,CANN,68.97083282470703,Relative Humidity Avg
2023-10-06T16:00:00Z,CANN,46.67916671435038,Relative Humidity Avg
2023-10-05T16:00:00Z,CANN,37.81666632493337,Relative Humidity Avg
2023-10-07T16:00:00Z,CANN,75.85416714350383,Relative Humidity Avg
2023-10-14T16:00:00Z,CANN,29.745833158493042,Relative Humidity Avg
2023-10-04T16:00:00Z,CANN,54.54166706403097,Relative Humidity Avg
2023-10-11T16:00:00Z,CANN,47.708333333333336,Relative Humidity Avg
2023-10-10T16:00:00Z,CANN,54.09166638056437,Relative Humidity Avg
2023-10-15T16:00:00Z,CANN,22.716666340827942,Relative Humidity Avg
2023-10-18T16:00:00Z,CANN,55.66666682561239,Relative Humidity Avg
2023-10-17T16:00:00Z,CANN,67.86666631698608,Relative Humidity Avg
2023-10-12T16:00:00Z,CANN,37.90833330154419,Relative Humidity Avg
2023-10-13T16:00:00Z,CANN,34.09583346048991,Relative Humidity Avg
2023-10-19T16:00:00Z,CANN,54.241666634877525,Relative Humidity Avg
2023-10-21T16:00:00Z,CANN,87.61250019073486,Relative Humidity Avg
2023-10-20T16:00:00Z,CANN,52.204166412353516,Relative Humidity Avg
2023-10-25T16:00:00Z,CANN,68.77916622161865,Relative Humidity Avg
2023-10-16T16:00:00Z,CANN,46.95000020662943,Relative Humidity Avg
2023-10-24T16:00:00Z,CANN,30.1875,Relative Humidity Avg
2023-10-23T16:00:00Z,CANN,38.520833333333336,Relative Humidity Avg
2023-10-26T16:00:00Z,CANN,56.64583365122477,Relative Humidity Avg
2023-10-30T16:00:00Z,CANN,46.620832761128746,Relative Humidity Avg
2023-10-22T16:00:00Z,CANN,43.83125030994415,Relative Humidity Avg
2023-10-27T16:00:00Z,CANN,49.983333587646484,Relative Humidity Avg
2023-10-28T16:00:00Z,CANN,65.86666711171468,Relative Humidity Avg
2023-10-29T16:00:00Z,CANN,51.06250015894572,Relative Humidity Avg
2023-10-31T16:00:00Z,CANN,47.5708335240682,Relative Humidity Avg
2023-11-04T16:00:00Z,CANN,71.70416641235352,Relative Humidity Avg
2023-11-03T16:00:00Z,CANN,32.725000182787575,Relative Humidity Avg
2023-11-06T16:00:00Z,CANN,66.21666717529297,Relative Humidity Avg
2023-11-05T16:00:00Z,CANN,71.91666634877522,Relative Humidity Avg
2023-11-02T16:00:00Z,CANN,30.08750017484029,Relative Humidity Avg
2023-11-01T16:00:00Z,CANN,34.233333349227905,Relative Humidity Avg
2023-11-08T16:00:00Z,CANN,59.84999990463257,Relative Humidity Avg
2023-11-07T16:00:00Z,CANN,49.73750034968058,Relative Humidity Avg
2023-11-12T16:00:00Z,CANN,55.12916707992554,Relative Humidity Avg
2023-11-11T16:00:00Z,CANN,48.25416692097982,Relative Humidity Avg
2023-11-13T16:00:00Z,CANN,60.55416679382324,Relative Humidity Avg
2023-11-14T16:00:00Z,CANN,51.88750012715658,Relative Humidity Avg
2023-11-10T16:00:00Z,CANN,42.024999936421715,Relative Humidity Avg
2024-01-17T16:00:00Z,CANN,60.10909097844904,Relative Humidity Avg
2023-11-09T16:00:00Z,CANN,50.479166746139526,Relative Humidity Avg
2023-11-18T16:00:00Z,CANN,45.26666680971781,Relative Humidity Avg
2023-11-15T16:00:00Z,CANN,36.85833342870077,Relative Humidity Avg
2023-11-19T16:00:00Z,CANN,39.63750012715658,Relative Humidity Avg
2023-11-20T16:00:00Z,CANN,31.045833150545757,Relative Humidity Avg
2023-11-21T16:00:00Z,CANN,18.681818181818183,Relative Humidity Avg
2023-11-22T16:00:00Z,CANN,22.036363471638072,Relative Humidity Avg
2023-11-23T16:00:00Z,CANN,70.45909066633745,Relative Humidity Avg
2023-11-24T16:00:00Z,CANN,50.68181766163219,Relative Humidity Avg
2023-11-25T16:00:00Z,CANN,45.41818228634921,Relative Humidity Avg
2023-11-26T16:00:00Z,CANN,70.95909049294211,Relative Humidity Avg
2023-11-27T16:00:00Z,CANN,64.43181852860884,Relative Humidity Avg
2023-11-28T16:00:00Z,CANN,69.57272633639249,Relative Humidity Avg
2023-11-29T16:00:00Z,CANN,61.770833015441895,Relative Humidity Avg
2023-11-30T16:00:00Z,CANN,49.12499992052714,Relative Humidity Avg
2023-12-01T16:00:00Z,CANN,83.89999898274739,Relative Humidity Avg
2023-12-05T16:00:00Z,CANN,51.833333015441895,Relative Humidity Avg
2023-12-04T16:00:00Z,CANN,53.65000033378601,Relative Humidity Avg
2023-12-06T16:00:00Z,CANN,57.91363577409224,Relative Humidity Avg
2023-12-07T16:00:00Z,CANN,48.18181800842285,Relative Humidity Avg
2023-12-08T16:00:00Z,CANN,29.47272742878307,Relative Humidity Avg
2023-12-09T16:00:00Z,CANN,24.631818077780984,Relative Humidity Avg
2023-12-10T16:00:00Z,CANN,31.78636360168457,Relative Humidity Avg
2023-12-11T16:00:00Z,CANN,40.58181840723211,Relative Humidity Avg
2023-12-12T16:00:00Z,CANN,52.9136361208829,Relative Humidity Avg
2023-12-13T16:00:00Z,CANN,51.10000003467906,Relative Humidity Avg
2023-12-14T16:00:00Z,CANN,41.99545470151034,Relative Humidity Avg
2023-12-15T16:00:00Z,CANN,35.51818188753995,Relative Humidity Avg
2023-12-16T16:00:00Z,CANN,43.40454535050826,Relative Humidity Avg
2023-12-17T16:00:00Z,CANN,34.468181436712094,Relative Humidity Avg
2023-12-18T16:00:00Z,CANN,33.49090896953236,Relative Humidity Avg
2023-12-19T16:00:00Z,CANN,24.054545272480357,Relative Humidity Avg
2023-12-20T16:00:00Z,CANN,23.104545376517557,Relative Humidity Avg
2023-12-21T16:00:00Z,CANN,42.727272900668055,Relative Humidity Avg
2023-01-01T16:00:00Z,CANN,NA,Solar Irradiance
2022-12-31T16:00:00Z,CANN,NA,Solar Irradiance
2023-01-02T16:00:00Z,CANN,NA,Solar Irradiance
2023-01-03T16:00:00Z,CANN,NA,Solar Irradiance
2023-01-04T16:00:00Z,CANN,NA,Solar Irradiance
2023-01-06T16:00:00Z,CANN,NA,Solar Irradiance
2023-01-05T16:00:00Z,CANN,NA,Solar Irradiance
2023-01-10T16:00:00Z,CANN,NA,Solar Irradiance
2023-01-09T16:00:00Z,CANN,NA,Solar Irradiance
2023-01-07T16:00:00Z,CANN,NA,Solar Irradiance
2023-01-08T16:00:00Z,CANN,NA,Solar Irradiance
2023-01-11T16:00:00Z,CANN,NA,Solar Irradiance
2023-01-14T16:00:00Z,CANN,NA,Solar Irradiance
2023-01-13T16:00:00Z,CANN,NA,Solar Irradiance
2023-12-23T16:00:00Z,CANN,1453.3227251876485,Solar Irradiance
2023-12-22T16:00:00Z,CANN,1419.927280458537,Solar Irradiance
2023-01-12T16:00:00Z,CANN,NA,Solar Irradiance
2024-01-17T16:00:00Z,CANN,1224.0454536568034,Solar Irradiance
2023-01-15T16:00:00Z,CANN,NA,Solar Irradiance
2023-12-24T16:00:00Z,CANN,1321.8727359121497,Solar Irradiance
2023-01-16T16:00:00Z,CANN,NA,Solar Irradiance
2023-01-17T16:00:00Z,CANN,1946.5687301158905,Solar Irradiance
2023-01-18T16:00:00Z,CANN,1355.4666797394555,Solar Irradiance
2023-01-19T16:00:00Z,CANN,1354.275006055832,Solar Irradiance
2023-01-20T16:00:00Z,CANN,1323.491665172701,Solar Irradiance
2023-01-21T16:00:00Z,CANN,1371.4916682144005,Solar Irradiance
2023-01-23T16:00:00Z,CANN,1390.6624824603398,Solar Irradiance
2023-01-22T16:00:00Z,CANN,1376.2999992370605,Solar Irradiance
2023-01-29T16:00:00Z,CANN,1329.1250116825104,Solar Irradiance
2023-01-28T16:00:00Z,CANN,1231.7166771094005,Solar Irradiance
2023-02-06T16:00:00Z,CANN,1294.2333292563756,Solar Irradiance
2023-01-31T16:00:00Z,CANN,1328.0749951601028,Solar Irradiance
2023-01-30T16:00:00Z,CANN,1289.2333416938782,Solar Irradiance
2023-02-01T16:00:00Z,CANN,1355.8583333293598,Solar Irradiance
2023-01-24T16:00:00Z,CANN,1381.6791687011719,Solar Irradiance
2023-01-27T16:00:00Z,CANN,1349.25,Solar Irradiance
2023-01-26T16:00:00Z,CANN,1357.1125051180522,Solar Irradiance
2023-02-07T16:00:00Z,CANN,1320.1999908487003,Solar Irradiance
2023-01-25T16:00:00Z,CANN,1392.433330019315,Solar Irradiance
2023-02-02T16:00:00Z,CANN,1336.3333335916202,Solar Irradiance
2023-02-04T16:00:00Z,CANN,1278.8916669152677,Solar Irradiance
2023-02-03T16:00:00Z,CANN,999.0708312988281,Solar Irradiance
2023-02-09T16:00:00Z,CANN,1304.4499984582264,Solar Irradiance
2023-02-08T16:00:00Z,CANN,1229.0208224058151,Solar Irradiance
2023-02-13T16:00:00Z,CANN,1276.8999942739804,Solar Irradiance
2023-02-12T16:00:00Z,CANN,1281.1249985992908,Solar Irradiance
2023-02-05T16:00:00Z,CANN,1095.1874990065892,Solar Irradiance
2023-02-11T16:00:00Z,CANN,1299.9583432475727,Solar Irradiance
2023-02-19T16:00:00Z,CANN,1204.466662471493,Solar Irradiance
2023-02-15T16:00:00Z,CANN,1278.3291749258835,Solar Irradiance
2023-02-14T16:00:00Z,CANN,796.1666680673758,Solar Irradiance
2023-02-17T16:00:00Z,CANN,1250.7083235383034,Solar Irradiance
2023-02-16T16:00:00Z,CANN,1244.7791648805141,Solar Irradiance
2023-02-10T16:00:00Z,CANN,1302.6499984661739,Solar Irradiance
2023-02-22T16:00:00Z,CANN,1171.7499815002084,Solar Irradiance
2023-02-21T16:00:00Z,CANN,1182.2875008887302,Solar Irradiance
2024-01-19T16:00:00Z,CANN,1416.1090912168677,Solar Irradiance
2024-01-18T16:00:00Z,CANN,1355.5681850910187,Solar Irradiance
2023-02-18T16:00:00Z,CANN,1242.312491858999,Solar Irradiance
2023-02-20T16:00:00Z,CANN,1195.5166861216228,Solar Irradiance
2023-02-24T16:00:00Z,CANN,1228.1208245595917,Solar Irradiance
2023-02-23T16:00:00Z,CANN,1238.8750007630636,Solar Irradiance
2023-02-25T16:00:00Z,CANN,1206.8916601811845,Solar Irradiance
2023-02-26T16:00:00Z,CANN,839.2333208719889,Solar Irradiance
2023-02-27T16:00:00Z,CANN,1188.7124945322673,Solar Irradiance
2023-02-28T16:00:00Z,CANN,994.070831934611,Solar Irradiance
2023-03-01T16:00:00Z,CANN,629.9416746788969,Solar Irradiance
2023-03-04T16:00:00Z,CANN,1143.000005722046,Solar Irradiance
2023-03-02T16:00:00Z,CANN,1147.2250041936834,Solar Irradiance
2023-03-14T16:00:00Z,CANN,1001.5916732152303,Solar Irradiance
2023-03-13T16:00:00Z,CANN,1007.5666567484537,Solar Irradiance
2023-03-18T16:00:00Z,CANN,979.7666773796082,Solar Irradiance
2023-03-17T16:00:00Z,CANN,963.0708222389221,Solar Irradiance
2023-03-03T16:00:00Z,CANN,1149.758337020874,Solar Irradiance
2023-03-06T16:00:00Z,CANN,1117.6374940872192,Solar Irradiance
2023-03-05T16:00:00Z,CANN,1124.1499942143757,Solar Irradiance
2023-03-10T16:00:00Z,CANN,1033.4124952952068,Solar Irradiance
2023-03-09T16:00:00Z,CANN,1059.7499901453655,Solar Irradiance
2023-03-07T16:00:00Z,CANN,653.0750007629395,Solar Irradiance
2023-03-08T16:00:00Z,CANN,1072.4583326975505,Solar Irradiance
2023-03-12T16:00:00Z,CANN,951.0875013669332,Solar Irradiance
2023-03-11T16:00:00Z,CANN,1011.5916658701996,Solar Irradiance
2023-03-16T16:00:00Z,CANN,997.8874966939911,Solar Irradiance
2023-03-15T16:00:00Z,CANN,607.2708478610342,Solar Irradiance
2023-03-27T16:00:00Z,CANN,916.8416604002317,Solar Irradiance
2023-03-26T16:00:00Z,CANN,613.2541653712591,Solar Irradiance
2023-03-19T16:00:00Z,CANN,944.7041509787863,Solar Irradiance
2023-03-20T16:00:00Z,CANN,873.3791610399882,Solar Irradiance
2023-04-02T16:00:00Z,CANN,836.9458256165186,Solar Irradiance
2023-04-01T16:00:00Z,CANN,654.0125021934509,Solar Irradiance
2023-03-24T16:00:00Z,CANN,714.7000017166138,Solar Irradiance
2023-03-23T16:00:00Z,CANN,355.43333617846173,Solar Irradiance
2023-03-25T16:00:00Z,CANN,627.9666650295258,Solar Irradiance
2023-03-28T16:00:00Z,CANN,872.9833405216535,Solar Irradiance
2023-03-21T16:00:00Z,CANN,929.4125091234843,Solar Irradiance
2023-03-22T16:00:00Z,CANN,918.9416704177856,Solar Irradiance
2023-03-31T16:00:00Z,CANN,474.0958323876063,Solar Irradiance
2023-12-25T16:00:00Z,CANN,126.38571241923741,Solar Irradiance
2023-03-29T16:00:00Z,CANN,599.1041585486382,Solar Irradiance
2023-03-30T16:00:00Z,CANN,560.1291698676845,Solar Irradiance
2023-04-03T16:00:00Z,CANN,843.4083385467529,Solar Irradiance
2023-04-04T16:00:00Z,CANN,863.2208336790403,Solar Irradiance
2023-04-05T16:00:00Z,CANN,713.0250006665786,Solar Irradiance
2023-04-06T16:00:00Z,CANN,378.56250354554504,Solar Irradiance
2023-04-07T16:00:00Z,CANN,328.41250437125564,Solar Irradiance
2023-04-08T16:00:00Z,CANN,533.6374977429708,Solar Irradiance
2023-04-15T16:00:00Z,CANN,668.0833235581716,Solar Irradiance
2023-04-14T16:00:00Z,CANN,644.6166594267512,Solar Irradiance
2023-04-17T16:00:00Z,CANN,793.1374941666921,Solar Irradiance
2023-04-16T16:00:00Z,CANN,689.0083306630453,Solar Irradiance
2023-04-09T16:00:00Z,CANN,593.0083257754644,Solar Irradiance
2023-04-18T16:00:00Z,CANN,790.1458257834116,Solar Irradiance
2023-04-21T16:00:00Z,CANN,777.3458272920301,Solar Irradiance
2023-04-20T16:00:00Z,CANN,751.470844771713,Solar Irradiance
2023-04-10T16:00:00Z,CANN,748.2374976078669,Solar Irradiance
2023-04-11T16:00:00Z,CANN,551.6333321727192,Solar Irradiance
2023-04-12T16:00:00Z,CANN,464.4791701749588,Solar Irradiance
2023-04-25T16:00:00Z,CANN,517.8541657834625,Solar Irradiance
2023-04-24T16:00:00Z,CANN,348.2291662096977,Solar Irradiance
2023-04-26T16:00:00Z,CANN,498.8291708044708,Solar Irradiance
2023-10-01T16:00:00Z,CANN,733.9874941607317,Solar Irradiance
2023-09-30T16:00:00Z,CANN,515.3083413243294,Solar Irradiance
2023-04-13T16:00:00Z,CANN,703.8166604324555,Solar Irradiance
2023-04-19T16:00:00Z,CANN,669.3541557242473,Solar Irradiance
2023-04-22T16:00:00Z,CANN,755.8208346360674,Solar Irradiance
2023-10-02T16:00:00Z,CANN,640.40416829784715,Solar Irradiance
2023-04-23T16:00:00Z,CANN,373.75833104675013,Solar Irradiance
2023-09-29T16:00:00Z,CANN,943.0541750391325,Solar Irradiance
2023-04-27T16:00:00Z,CANN,698.2249973615011,Solar Irradiance
2023-05-02T16:00:00Z,CANN,644.0749916794399,Solar Irradiance
2023-05-01T16:00:00Z,CANN,666.9874977668127,Solar Irradiance
2023-10-03T16:00:00Z,CANN,1035.845834851265,Solar Irradiance
2023-04-29T16:00:00Z,CANN,677.5666637420654,Solar Irradiance
2023-04-28T16:00:00Z,CANN,696.8874964118004,Solar Irradiance
2023-04-30T16:00:00Z,CANN,679.6708296537399,Solar Irradiance
2023-05-05T16:00:00Z,CANN,191.3874977429708,Solar Irradiance
2024-01-02T16:00:00Z,CANN,1391.3249749938648,Solar Irradiance
2024-01-01T16:00:00Z,CANN,1095.8812500238419,Solar Irradiance
2024-01-05T16:00:00Z,CANN,1416.3625038266182,Solar Irradiance
2024-01-04T16:00:00Z,CANN,1425.3291837871075,Solar Irradiance
2024-01-06T16:00:00Z,CANN,1316.8083272576332,Solar Irradiance
2023-05-03T16:00:00Z,CANN,638.754148642222,Solar Irradiance
2023-05-04T16:00:00Z,CANN,581.183327794075,Solar Irradiance
2024-01-03T16:00:00Z,CANN,1447.3499929706256,Solar Irradiance
2024-01-20T16:00:00Z,CANN,1376.9318139878187,Solar Irradiance
2024-01-21T16:00:00Z,CANN,6.749999920527141,Solar Irradiance
2023-05-06T16:00:00Z,CANN,158.16249857842922,Solar Irradiance
2023-05-07T16:00:00Z,CANN,489.9041651388009,Solar Irradiance
2023-05-08T16:00:00Z,CANN,553.970838415126,Solar Irradiance
2023-05-09T16:00:00Z,CANN,296.77083587646484,Solar Irradiance
2023-05-12T16:00:00Z,CANN,418.47082848101854,Solar Irradiance
2023-05-11T16:00:00Z,CANN,611.8875045180321,Solar Irradiance
2023-05-10T16:00:00Z,CANN,458.86665798537433,Solar Irradiance
2023-05-13T16:00:00Z,CANN,482.0541736483574,Solar Irradiance
2023-05-19T16:00:00Z,CANN,547.5374980270863,Solar Irradiance
2023-05-18T16:00:00Z,CANN,509.6416710379223,Solar Irradiance
2023-05-22T16:00:00Z,CANN,253.01667191150287,Solar Irradiance
2023-05-21T16:00:00Z,CANN,226.7458342704922,Solar Irradiance
2023-05-23T16:00:00Z,CANN,511.7916624872014,Solar Irradiance
2023-05-15T16:00:00Z,CANN,535.0874939054871,Solar Irradiance
2023-05-14T16:00:00Z,CANN,568.4833303143581,Solar Irradiance
2023-05-20T16:00:00Z,CANN,447.4624934485182,Solar Irradiance
2023-05-24T16:00:00Z,CANN,494.60000348898274,Solar Irradiance
2023-05-17T16:00:00Z,CANN,502.245832562757,Solar Irradiance
2023-06-04T16:00:00Z,CANN,127.2249999086683,Solar Irradiance
2023-06-03T16:00:00Z,CANN,350.93333477185416,Solar Irradiance
2023-05-16T16:00:00Z,CANN,564.8791631211838,Solar Irradiance
2023-05-25T16:00:00Z,CANN,509.93331869443256,Solar Irradiance
2023-05-31T16:00:00Z,CANN,470.05416989326477,Solar Irradiance
2023-05-30T16:00:00Z,CANN,157.35000060622892,Solar Irradiance
2023-06-02T16:00:00Z,CANN,457.262497909988,Solar Irradiance
2023-06-01T16:00:00Z,CANN,489.5958305836345,Solar Irradiance
2023-05-27T16:00:00Z,CANN,8.225000381469727,Solar Irradiance
2023-05-26T16:00:00Z,CANN,488.77083716448396,Solar Irradiance
2023-05-29T16:00:00Z,CANN,309.6833303393796,Solar Irradiance
2023-05-28T16:00:00Z,CANN,316.9187497999519,Solar Irradiance
2023-06-12T16:00:00Z,CANN,460.5750025541832,Solar Irradiance
2023-06-07T16:00:00Z,CANN,219.65000119246542,Solar Irradiance
2023-06-06T16:00:00Z,CANN,284.15833237643045,Solar Irradiance
2023-06-08T16:00:00Z,CANN,296.66666765511036,Solar Irradiance
2023-06-05T16:00:00Z,CANN,101.13333365072806,Solar Irradiance
2023-06-09T16:00:00Z,CANN,317.54165892178816,Solar Irradiance
2023-06-10T16:00:00Z,CANN,323.35416642483324,Solar Irradiance
2023-06-11T16:00:00Z,CANN,342.63333005799603,Solar Irradiance
2023-06-13T16:00:00Z,CANN,451.66667146328837,Solar Irradiance
2023-06-14T16:00:00Z,CANN,282.41666796058416,Solar Irradiance
2023-06-15T16:00:00Z,CANN,393.48333048385877,Solar Irradiance
2023-06-16T16:00:00Z,CANN,408.154166807731,Solar Irradiance
2023-06-17T16:00:00Z,CANN,461.59582963213325,Solar Irradiance
2023-07-16T16:00:00Z,CANN,446.1624921948339,Solar Irradiance
2023-07-15T16:00:00Z,CANN,511.33332670542103,Solar Irradiance
2024-01-07T16:00:00Z,CANN,1404.1833265125751,Solar Irradiance
2023-06-18T16:00:00Z,CANN,377.6124989837408,Solar Irradiance
2023-06-22T16:00:00Z,CANN,285.8291614378492,Solar Irradiance
2023-06-21T16:00:00Z,CANN,304.81666851292056,Solar Irradiance
2023-06-28T16:00:00Z,CANN,448.1249905824661,Solar Irradiance
2023-06-27T16:00:00Z,CANN,437.9791718324025,Solar Irradiance
2023-06-19T16:00:00Z,CANN,340.67500000012416,Solar Irradiance
2023-06-20T16:00:00Z,CANN,444.0208356818184,Solar Irradiance
2023-06-26T16:00:00Z,CANN,454.83333106090623,Solar Irradiance
2023-07-07T16:00:00Z,CANN,289.49583530426025,Solar Irradiance
2023-07-06T16:00:00Z,CANN,360.7708289225896,Solar Irradiance
2023-07-10T16:00:00Z,CANN,465.8166657925273,Solar Irradiance
2023-07-09T16:00:00Z,CANN,217.9583362977331,Solar Irradiance
2023-06-23T16:00:00Z,CANN,328.27082997715723,Solar Irradiance
2023-06-24T16:00:00Z,CANN,464.5374971749261,Solar Irradiance
2023-06-25T16:00:00Z,CANN,443.2708324591319,Solar Irradiance
2023-06-29T16:00:00Z,CANN,471.1416729297489,Solar Irradiance
2023-07-01T16:00:00Z,CANN,483.5500063436727,Solar Irradiance
2023-06-30T16:00:00Z,CANN,479.21666296664625,Solar Irradiance
2023-07-08T16:00:00Z,CANN,331.9999979734421,Solar Irradiance
2023-07-11T16:00:00Z,CANN,448.58333388964337,Solar Irradiance
2023-07-02T16:00:00Z,CANN,192.64166790246964,Solar Irradiance
2023-07-04T16:00:00Z,CANN,383.7083358615637,Solar Irradiance
2023-07-03T16:00:00Z,CANN,421.158330483983,Solar Irradiance
2023-07-05T16:00:00Z,CANN,332.6499954542766,Solar Irradiance
2023-11-17T16:00:00Z,CANN,1388.0041732490063,Solar Irradiance
2023-11-16T16:00:00Z,CANN,1391.3124936024349,Solar Irradiance
2023-07-14T16:00:00Z,CANN,506.3499921162923,Solar Irradiance
2024-01-08T16:00:00Z,CANN,1404.2124919692676,Solar Irradiance
2024-01-09T16:00:00Z,CANN,1436.263632926074,Solar Irradiance
2024-01-10T16:00:00Z,CANN,1318.9772660082037,Solar Irradiance
2024-01-11T16:00:00Z,CANN,1385.5500243793833,Solar Irradiance
2023-07-12T16:00:00Z,CANN,364.3083311639105,Solar Irradiance
2023-07-13T16:00:00Z,CANN,472.6250010809551,Solar Irradiance
2023-07-17T16:00:00Z,CANN,246.3458308549598,Solar Irradiance
2023-07-18T16:00:00Z,CANN,435.19166564475745,Solar Irradiance
2023-07-19T16:00:00Z,CANN,378.0333393414815,Solar Irradiance
2023-07-20T16:00:00Z,CANN,406.9333347827196,Solar Irradiance
2023-07-21T16:00:00Z,CANN,523.2791623274485,Solar Irradiance
2023-07-24T16:00:00Z,CANN,102.55833425621192,Solar Irradiance
2023-07-23T16:00:00Z,CANN,542.9958453476429,Solar Irradiance
2023-07-27T16:00:00Z,CANN,421.75000209764886,Solar Irradiance
2023-07-26T16:00:00Z,CANN,405.48333198204637,Solar Irradiance
2023-07-31T16:00:00Z,CANN,610.2541627883911,Solar Irradiance
2023-07-30T16:00:00Z,CANN,565.9125026067098,Solar Irradiance
2023-07-22T16:00:00Z,CANN,533.9583285332968,Solar Irradiance
2023-07-25T16:00:00Z,CANN,344.874996650964,Solar Irradiance
2023-07-28T16:00:00Z,CANN,409.38333473168314,Solar Irradiance
2023-07-29T16:00:00Z,CANN,280.06249761612463,Solar Irradiance
2023-08-04T16:00:00Z,CANN,612.1750124593576,Solar Irradiance
2023-08-03T16:00:00Z,CANN,621.8374906852841,Solar Irradiance
2023-08-02T16:00:00Z,CANN,606.1250072481731,Solar Irradiance
2023-08-01T16:00:00Z,CANN,191.60833719186485,Solar Irradiance
2023-08-05T16:00:00Z,CANN,615.849991162618,Solar Irradiance
2023-08-16T16:00:00Z,CANN,508.6458361347516,Solar Irradiance
2023-08-06T16:00:00Z,CANN,355.86249899460626,Solar Irradiance
2023-08-07T16:00:00Z,CANN,9.62499962002039,Solar Irradiance
2023-08-20T16:00:00Z,CANN,697.1208273371061,Solar Irradiance
2023-08-19T16:00:00Z,CANN,467.63332936167717,Solar Irradiance
2024-01-12T16:00:00Z,CANN,1227.3454595695841,Solar Irradiance
2023-08-17T16:00:00Z,CANN,579.9249945183595,Solar Irradiance
2023-08-23T16:00:00Z,CANN,751.4291677673658,Solar Irradiance
2023-08-22T16:00:00Z,CANN,630.4666655262312,Solar Irradiance
2023-08-15T16:00:00Z,CANN,898.3062524944544,Solar Irradiance
2023-08-18T16:00:00Z,CANN,710.6791649858156,Solar Irradiance
2023-08-21T16:00:00Z,CANN,327.1500001152356,Solar Irradiance
2023-08-24T16:00:00Z,CANN,746.5541725158691,Solar Irradiance
2023-08-25T16:00:00Z,CANN,757.0666647354761,Solar Irradiance
2023-08-26T16:00:00Z,CANN,454.7124999463558,Solar Irradiance
2023-08-27T16:00:00Z,CANN,717.5583283503851,Solar Irradiance
2023-08-28T16:00:00Z,CANN,676.2083198130131,Solar Irradiance
2023-08-29T16:00:00Z,CANN,796.2249912818273,Solar Irradiance
2023-08-30T16:00:00Z,CANN,777.1833374698957,Solar Irradiance
2023-08-31T16:00:00Z,CANN,566.0041642487049,Solar Irradiance
2023-09-01T16:00:00Z,CANN,454.9166675110658,Solar Irradiance
2023-09-02T16:00:00Z,CANN,600.1916696826617,Solar Irradiance
2023-09-03T16:00:00Z,CANN,653.0333278377851,Solar Irradiance
2023-09-04T16:00:00Z,CANN,501.0958347817262,Solar Irradiance
2023-09-07T16:00:00Z,CANN,813.5208416481813,Solar Irradiance
2023-09-06T16:00:00Z,CANN,841.7666636804739,Solar Irradiance
2023-09-09T16:00:00Z,CANN,674.6375033656756,Solar Irradiance
2023-09-08T16:00:00Z,CANN,672.6166595717272,Solar Irradiance
2023-09-05T16:00:00Z,CANN,773.8125034670035,Solar Irradiance
2023-09-10T16:00:00Z,CANN,751.7124913434187,Solar Irradiance
2023-09-11T16:00:00Z,CANN,807.0000035266081,Solar Irradiance
2023-09-14T16:00:00Z,CANN,411.9875018298626,Solar Irradiance
2023-09-13T16:00:00Z,CANN,540.8750033974648,Solar Irradiance
2023-09-12T16:00:00Z,CANN,175.30000165104866,Solar Irradiance
2023-09-16T16:00:00Z,CANN,911.254169434309,Solar Irradiance
2023-09-15T16:00:00Z,CANN,640.8416820069154,Solar Irradiance
2023-09-19T16:00:00Z,CANN,739.6083284119765,Solar Irradiance
2023-09-18T16:00:00Z,CANN,683.5083241164684,Solar Irradiance
2024-01-13T16:00:00Z,CANN,1323.5954531647942,Solar Irradiance
2023-09-17T16:00:00Z,CANN,680.8375028967857,Solar Irradiance
2023-09-20T16:00:00Z,CANN,461.52082842588425,Solar Irradiance
2023-09-21T16:00:00Z,CANN,899.5250057578087,Solar Irradiance
2023-09-22T16:00:00Z,CANN,452.8583365281423,Solar Irradiance
2023-09-23T16:00:00Z,CANN,957.7833302021027,Solar Irradiance
2023-09-24T16:00:00Z,CANN,943.1500079830488,Solar Irradiance
2023-09-28T16:00:00Z,CANN,485.50000030795735,Solar Irradiance
2023-09-27T16:00:00Z,CANN,727.3041756252447,Solar Irradiance
2023-10-05T16:00:00Z,CANN,1065.2666579981644,Solar Irradiance
2023-09-25T16:00:00Z,CANN,941.4749990602335,Solar Irradiance
2023-09-26T16:00:00Z,CANN,923.9666718145212,Solar Irradiance
2023-10-10T16:00:00Z,CANN,1148.7916691601276,Solar Irradiance
2023-10-09T16:00:00Z,CANN,1127.9166709184647,Solar Irradiance
2023-10-13T16:00:00Z,CANN,1205.608328749736,Solar Irradiance
2023-10-12T16:00:00Z,CANN,1190.2916694084804,Solar Irradiance
2023-10-14T16:00:00Z,CANN,1207.1125086545944,Solar Irradiance
2023-10-04T16:00:00Z,CANN,1024.3374867836635,Solar Irradiance
2023-10-07T16:00:00Z,CANN,895.8958345651627,Solar Irradiance
2023-10-06T16:00:00Z,CANN,1075.3041615486145,Solar Irradiance
2023-10-08T16:00:00Z,CANN,1049.3708416918914,Solar Irradiance
2023-10-11T16:00:00Z,CANN,1172.9083378712337,Solar Irradiance
2023-10-18T16:00:00Z,CANN,1168.658337155978,Solar Irradiance
2023-10-17T16:00:00Z,CANN,1064.1666716337204,Solar Irradiance
2023-10-21T16:00:00Z,CANN,112.98750385642052,Solar Irradiance
2023-10-20T16:00:00Z,CANN,718.3166668117046,Solar Irradiance
2023-10-25T16:00:00Z,CANN,972.0333268741766,Solar Irradiance
2023-10-24T16:00:00Z,CANN,1258.2166647513707,Solar Irradiance
2023-10-28T16:00:00Z,CANN,955.1000000834465,Solar Irradiance
2023-10-15T16:00:00Z,CANN,1196.3749970098336,Solar Irradiance
2023-10-16T16:00:00Z,CANN,1096.4583361943562,Solar Irradiance
2023-10-19T16:00:00Z,CANN,1120.6708357731502,Solar Irradiance
2023-10-23T16:00:00Z,CANN,1210.437511086464,Solar Irradiance
2023-10-22T16:00:00Z,CANN,1657.0500087440014,Solar Irradiance
2023-11-01T16:00:00Z,CANN,1292.945828239123,Solar Irradiance
2023-10-31T16:00:00Z,CANN,1288.670840293169,Solar Irradiance
2023-11-02T16:00:00Z,CANN,1127.3083327213924,Solar Irradiance
2023-10-26T16:00:00Z,CANN,1188.954159061114,Solar Irradiance
2023-10-27T16:00:00Z,CANN,1282.1625009775162,Solar Irradiance
2023-10-30T16:00:00Z,CANN,1207.0041748285294,Solar Irradiance
2023-10-29T16:00:00Z,CANN,1290.5333292881649,Solar Irradiance
2023-11-04T16:00:00Z,CANN,1268.0083209574223,Solar Irradiance
2023-11-03T16:00:00Z,CANN,1260.1166696548462,Solar Irradiance
2023-11-06T16:00:00Z,CANN,1258.7625092566013,Solar Irradiance
2023-11-05T16:00:00Z,CANN,1096.0083268086116,Solar Irradiance
2023-11-08T16:00:00Z,CANN,1065.4708395302296,Solar Irradiance
2023-11-07T16:00:00Z,CANN,1289.9708520174026,Solar Irradiance
2023-11-12T16:00:00Z,CANN,739.7916710774103,Solar Irradiance
2023-11-11T16:00:00Z,CANN,708.9249890744686,Solar Irradiance
2023-11-15T16:00:00Z,CANN,1393.8624960184097,Solar Irradiance
2023-11-14T16:00:00Z,CANN,1203.012498497963,Solar Irradiance
2023-11-10T16:00:00Z,CANN,1091.3249886433284,Solar Irradiance
2023-11-18T16:00:00Z,CANN,1389.4625075956185,Solar Irradiance
2023-11-09T16:00:00Z,CANN,1267.320827762286,Solar Irradiance
2023-11-13T16:00:00Z,CANN,1274.2500069538753,Solar Irradiance
2024-01-14T16:00:00Z,CANN,1390.1818156459115,Solar Irradiance
2024-01-15T16:00:00Z,CANN,1383.7454519922082,Solar Irradiance
2023-11-19T16:00:00Z,CANN,1332.0000058114529,Solar Irradiance
2023-11-20T16:00:00Z,CANN,1332.9791516860325,Solar Irradiance
2023-11-21T16:00:00Z,CANN,1357.4409097541463,Solar Irradiance
2023-11-22T16:00:00Z,CANN,1273.1636310490694,Solar Irradiance
2023-11-23T16:00:00Z,CANN,977.4590968652205,Solar Irradiance
2023-11-24T16:00:00Z,CANN,1349.8181695829737,Solar Irradiance
2024-01-16T16:00:00Z,CANN,1365.022724758495,Solar Irradiance
2023-11-25T16:00:00Z,CANN,1305.4181892763484,Solar Irradiance
2023-11-26T16:00:00Z,CANN,1152.4181926683946,Solar Irradiance
2023-11-27T16:00:00Z,CANN,1023.8454440181905,Solar Irradiance
2023-11-28T16:00:00Z,CANN,1231.9090842116964,Solar Irradiance
2023-11-29T16:00:00Z,CANN,1376.2958334287007,Solar Irradiance
2023-11-30T16:00:00Z,CANN,1362.1749925911427,Solar Irradiance
2023-12-01T16:00:00Z,CANN,15.949999968210856,Solar Irradiance
2023-12-05T16:00:00Z,CANN,1425.8125002284844,Solar Irradiance
2023-12-04T16:00:00Z,CANN,1522.550006866455,Solar Irradiance
2023-12-06T16:00:00Z,CANN,986.7272763035514,Solar Irradiance
2023-12-07T16:00:00Z,CANN,1420.4999999783256,Solar Irradiance
2023-12-08T16:00:00Z,CANN,1478.0136425820265,Solar Irradiance
2023-12-09T16:00:00Z,CANN,1485.3499952554703,Solar Irradiance
2023-12-10T16:00:00Z,CANN,1450.363637284799,Solar Irradiance
2023-12-11T16:00:00Z,CANN,1435.181822603399,Solar Irradiance
2023-12-12T16:00:00Z,CANN,1440.0818203579295,Solar Irradiance
2023-12-13T16:00:00Z,CANN,1418.9272771423514,Solar Irradiance
2023-12-14T16:00:00Z,CANN,1425.4045561010187,Solar Irradiance
2023-12-15T16:00:00Z,CANN,1250.2863753817298,Solar Irradiance
2023-12-16T16:00:00Z,CANN,1421.468165549365,Solar Irradiance
2023-12-17T16:00:00Z,CANN,1442.9545427885923,Solar Irradiance
2023-12-18T16:00:00Z,CANN,1149.8318259174173,Solar Irradiance
2023-12-19T16:00:00Z,CANN,1338.245451602069,Solar Irradiance
2023-12-20T16:00:00Z,CANN,1242.7000021284277,Solar Irradiance
2023-12-21T16:00:00Z,CANN,1407.331818558953,Solar Irradiance
