datetime,site_id,depth,observation,variable
2022-12-31T16:00:00Z,CANN,1.5,24.86814280918666,temperature
2022-12-31T16:00:00Z,CANN,1.5,0.5299999713897705,salt
2023-01-01T16:00:00Z,CANN,1.5,24.16242871965681,temperature
2023-01-01T16:00:00Z,CANN,1.5,0.5299999713897705,salt
2023-01-02T16:00:00Z,CANN,1.5,23.88142885480608,temperature
2023-01-02T16:00:00Z,CANN,1.5,0.5299999713897705,salt
2023-01-03T16:00:00Z,CANN,1.5,24.155285699026926,temperature
2023-01-03T16:00:00Z,CANN,1.5,0.5299999713897705,salt
2023-01-04T16:00:00Z,CANN,1.5,24.713428224836075,temperature
2023-01-04T16:00:00Z,CANN,1.5,0.5299999713897705,salt
2023-01-05T16:00:00Z,CANN,1.5,25.05714280264718,temperature
2023-01-05T16:00:00Z,CANN,1.5,0.5299999713897705,salt
2023-01-06T16:00:00Z,CANN,1.5,25.291000366210938,temperature
2023-01-06T16:00:00Z,CANN,1.5,0.5299999713897705,salt
2023-01-07T16:00:00Z,CANN,1.5,24.47385733468192,temperature
2023-01-07T16:00:00Z,CANN,1.5,0.5299999713897705,salt
2023-01-08T16:00:00Z,CANN,1.5,24.325714111328125,temperature
2023-01-08T16:00:00Z,CANN,1.5,0.5299999713897705,salt
2023-01-09T16:00:00Z,CANN,1.5,24.683142525809153,temperature
2023-01-09T16:00:00Z,CANN,1.5,0.5354285665920803,salt
2023-01-10T16:00:00Z,CANN,1.5,25.23171397617885,temperature
2023-01-10T16:00:00Z,CANN,1.5,0.5400000214576721,salt
2023-01-11T16:00:00Z,CANN,1.5,25.422285897391184,temperature
2023-01-11T16:00:00Z,CANN,1.5,0.5392857364245823,salt
2023-01-12T16:00:00Z,CANN,1.5,25.20242827279227,temperature
2023-01-12T16:00:00Z,CANN,1.5,0.5299999713897705,salt
2023-12-18T16:00:00Z,CANN,1.5,25.125285829816544,temperature
2023-12-18T16:00:00Z,CANN,1.5,0.5699999928474426,salt
2023-01-13T16:00:00Z,CANN,1.5,25.24414280482701,temperature
2023-01-13T16:00:00Z,CANN,1.5,0.5299999713897705,salt
2023-01-14T16:00:00Z,CANN,1.5,24.99599974496024,temperature
2023-01-14T16:00:00Z,CANN,1.5,0.5304285458156041,salt
2023-01-15T16:00:00Z,CANN,1.5,24.72771453857422,temperature
2023-01-15T16:00:00Z,CANN,1.5,0.5299999713897705,salt
2023-01-16T16:00:00Z,CANN,1.5,24.647999899727957,temperature
2023-01-16T16:00:00Z,CANN,1.5,0.5299999713897705,salt
2023-01-17T16:00:00Z,CANN,1.5,23.52842848641532,temperature
2023-01-17T16:00:00Z,CANN,1.5,0.5400000214576721,salt
2023-01-18T16:00:00Z,CANN,1.5,23.497856957571848,temperature
2023-01-18T16:00:00Z,CANN,1.5,0.5400000214576721,salt
2023-01-19T16:00:00Z,CANN,1.5,23.80271421160017,temperature
2023-01-19T16:00:00Z,CANN,1.5,0.5400000214576721,salt
2023-01-20T16:00:00Z,CANN,1.5,24.396285465785436,temperature
2023-01-20T16:00:00Z,CANN,1.5,0.5400000214576721,salt
2023-01-21T16:00:00Z,CANN,1.5,25.031285967145646,temperature
2023-01-21T16:00:00Z,CANN,1.5,0.5400000214576721,salt
2023-01-22T16:00:00Z,CANN,1.5,25.619856970650808,temperature
2023-01-22T16:00:00Z,CANN,1.5,0.5400000214576721,salt
2023-01-23T16:00:00Z,CANN,1.5,26.066571371895925,temperature
2023-01-23T16:00:00Z,CANN,1.5,0.550000011920929,salt
2023-01-24T16:00:00Z,CANN,1.5,26.582857131958008,temperature
2023-01-24T16:00:00Z,CANN,1.5,0.5462857144219535,salt
2023-01-25T16:00:00Z,CANN,1.5,26.619428362165177,temperature
2023-01-25T16:00:00Z,CANN,1.5,0.550000011920929,salt
2023-01-26T16:00:00Z,CANN,1.5,26.64857155936105,temperature
2023-01-26T16:00:00Z,CANN,1.5,0.550000011920929,salt
2023-01-27T16:00:00Z,CANN,1.5,26.19128554207938,temperature
2023-01-27T16:00:00Z,CANN,1.5,0.5454285826001849,salt
2023-01-28T16:00:00Z,CANN,1.5,25.415571757725306,temperature
2023-01-28T16:00:00Z,CANN,1.5,0.550000011920929,salt
2023-02-01T16:00:00Z,CANN,1.5,26.26742853437151,temperature
2023-02-01T16:00:00Z,CANN,1.5,0.550000011920929,salt
2023-01-29T16:00:00Z,CANN,1.5,25.318285533360072,temperature
2023-01-29T16:00:00Z,CANN,1.5,0.550000011920929,salt
2023-01-30T16:00:00Z,CANN,1.5,26.109857286725724,temperature
2023-01-30T16:00:00Z,CANN,1.5,0.550000011920929,salt
2023-01-31T16:00:00Z,CANN,1.5,26.952999932425364,temperature
2023-01-31T16:00:00Z,CANN,1.5,0.541857157434736,salt
2023-02-04T16:00:00Z,CANN,1.5,25.584285191127233,temperature
2023-02-04T16:00:00Z,CANN,1.5,0.550000011920929,salt
2023-02-02T16:00:00Z,CANN,1.5,25.895857129778182,temperature
2023-02-02T16:00:00Z,CANN,1.5,0.550000011920929,salt
2023-02-03T16:00:00Z,CANN,1.5,25.464428220476425,temperature
2023-02-03T16:00:00Z,CANN,1.5,0.550000011920929,salt
2023-02-05T16:00:00Z,CANN,1.5,25.856857299804688,temperature
2023-02-05T16:00:00Z,CANN,1.5,0.559285717351096,salt
2023-02-06T16:00:00Z,CANN,1.5,26.431714466639928,temperature
2023-02-06T16:00:00Z,CANN,1.5,0.559285717351096,salt
2023-02-12T16:00:00Z,CANN,1.5,25.312856946672714,temperature
2023-02-12T16:00:00Z,CANN,1.5,0.5604285768100193,salt
2023-02-07T16:00:00Z,CANN,1.5,26.300999777657644,temperature
2023-02-07T16:00:00Z,CANN,1.5,0.5529999988419669,salt
2023-02-08T16:00:00Z,CANN,1.5,26.378571374075754,temperature
2023-02-08T16:00:00Z,CANN,1.5,0.5600000023841858,salt
2023-02-09T16:00:00Z,CANN,1.5,26.304142543247767,temperature
2023-02-09T16:00:00Z,CANN,1.5,0.5600000023841858,salt
2023-02-10T16:00:00Z,CANN,1.5,26.262428828648158,temperature
2023-02-10T16:00:00Z,CANN,1.5,0.5600000023841858,salt
2023-02-11T16:00:00Z,CANN,1.5,25.89728546142578,temperature
2023-02-11T16:00:00Z,CANN,1.5,0.5600000023841858,salt
2023-02-13T16:00:00Z,CANN,1.5,25.368000302995956,temperature
2023-02-13T16:00:00Z,CANN,1.5,0.5634285807609558,salt
2023-02-14T16:00:00Z,CANN,1.5,25.878143038068497,temperature
2023-02-14T16:00:00Z,CANN,1.5,0.5614285724503654,salt
2023-02-15T16:00:00Z,CANN,1.5,25.106285912649973,temperature
2023-02-15T16:00:00Z,CANN,1.5,0.5699999928474426,salt
2023-02-16T16:00:00Z,CANN,1.5,24.821000507899694,temperature
2023-02-16T16:00:00Z,CANN,1.5,0.5699999928474426,salt
2023-02-26T16:00:00Z,CANN,1.5,24.50442804609026,temperature
2023-02-26T16:00:00Z,CANN,1.5,0.5699999928474426,salt
2023-02-17T16:00:00Z,CANN,1.5,24.461285999843053,temperature
2023-02-17T16:00:00Z,CANN,1.5,0.5699999928474426,salt
2023-02-18T16:00:00Z,CANN,1.5,24.448714392525808,temperature
2023-02-18T16:00:00Z,CANN,1.5,0.5699999928474426,salt
2023-02-19T16:00:00Z,CANN,1.5,24.552714484078543,temperature
2023-02-19T16:00:00Z,CANN,1.5,0.5699999928474426,salt
2023-02-20T16:00:00Z,CANN,1.5,25.14928572518485,temperature
2023-02-20T16:00:00Z,CANN,1.5,0.5699999928474426,salt
2023-02-21T16:00:00Z,CANN,1.5,25.987571443830216,temperature
2023-02-21T16:00:00Z,CANN,1.5,0.5699999928474426,salt
2023-02-22T16:00:00Z,CANN,1.5,26.03371456691197,temperature
2023-02-22T16:00:00Z,CANN,1.5,0.5699999928474426,salt
2023-02-27T16:00:00Z,CANN,1.5,24.741714205060685,temperature
2023-02-27T16:00:00Z,CANN,1.5,0.5699999928474426,salt
2023-02-23T16:00:00Z,CANN,1.5,25.106143133980886,temperature
2023-02-23T16:00:00Z,CANN,1.5,0.5699999928474426,salt
2023-03-01T16:00:00Z,CANN,1.5,25.11214283534459,temperature
2023-03-01T16:00:00Z,CANN,1.5,0.5699999928474426,salt
2023-02-24T16:00:00Z,CANN,1.5,24.286571775163925,temperature
2023-02-24T16:00:00Z,CANN,1.5,0.5699999928474426,salt
2023-02-25T16:00:00Z,CANN,1.5,24.172000067574636,temperature
2023-02-25T16:00:00Z,CANN,1.5,0.5699999928474426,salt
2023-02-28T16:00:00Z,CANN,1.5,24.975714547293528,temperature
2023-02-28T16:00:00Z,CANN,1.5,0.5799999833106995,salt
2023-03-02T16:00:00Z,CANN,1.5,25.614571707589285,temperature
2023-03-02T16:00:00Z,CANN,1.5,0.5632857084274292,salt
2023-03-04T16:00:00Z,CANN,1.5,25.176714488438197,temperature
2023-03-04T16:00:00Z,CANN,1.5,0.5799999833106995,salt
2023-03-03T16:00:00Z,CANN,1.5,25.49642835344587,temperature
2023-03-03T16:00:00Z,CANN,1.5,0.5394285661833627,salt
2023-03-06T16:00:00Z,CANN,1.5,23.912000111171178,temperature
2023-03-06T16:00:00Z,CANN,1.5,0.5799999833106995,salt
2023-03-05T16:00:00Z,CANN,1.5,24.545285633632115,temperature
2023-03-05T16:00:00Z,CANN,1.5,0.5727142861911229,salt
2023-12-28T16:00:00Z,CANN,1.5,25.573428562709264,temperature
2023-12-28T16:00:00Z,CANN,1.5,0.5799999833106995,salt
2023-03-07T16:00:00Z,CANN,1.5,23.511428560529435,temperature
2023-03-07T16:00:00Z,CANN,1.5,0.5799999833106995,salt
2023-03-08T16:00:00Z,CANN,1.5,23.998857225690568,temperature
2023-03-08T16:00:00Z,CANN,1.5,0.5792856982776097,salt
2023-03-09T16:00:00Z,CANN,1.5,23.73885699680873,temperature
2023-03-09T16:00:00Z,CANN,1.5,0.5699999928474426,salt
2023-03-10T16:00:00Z,CANN,1.5,23.654428482055664,temperature
2023-03-10T16:00:00Z,CANN,1.5,0.5699999928474426,salt
2023-03-11T16:00:00Z,CANN,1.5,23.57614299229213,temperature
2023-03-11T16:00:00Z,CANN,1.5,0.5799999833106995,salt
2023-03-12T16:00:00Z,CANN,1.5,23.839570999145508,temperature
2023-03-12T16:00:00Z,CANN,1.5,0.5699999928474426,salt
2023-03-13T16:00:00Z,CANN,1.5,24.02628598894392,temperature
2023-03-13T16:00:00Z,CANN,1.5,0.5699999928474426,salt
2023-03-14T16:00:00Z,CANN,1.5,23.902714320591517,temperature
2023-03-14T16:00:00Z,CANN,1.5,0.5699999928474426,salt
2023-03-15T16:00:00Z,CANN,1.5,23.7894287109375,temperature
2023-03-15T16:00:00Z,CANN,1.5,0.5699999928474426,salt
2023-03-16T16:00:00Z,CANN,1.5,23.913857051304408,temperature
2023-03-16T16:00:00Z,CANN,1.5,0.5699999928474426,salt
2023-03-17T16:00:00Z,CANN,1.5,23.45028523036412,temperature
2023-03-17T16:00:00Z,CANN,1.5,0.5699999928474426,salt
2023-03-18T16:00:00Z,CANN,1.5,23.025285993303573,temperature
2023-03-18T16:00:00Z,CANN,1.5,0.5699999928474426,salt
2023-03-19T16:00:00Z,CANN,1.5,22.45414297921317,temperature
2023-03-19T16:00:00Z,CANN,1.5,0.5799999833106995,salt
2023-03-20T16:00:00Z,CANN,1.5,22.679285321916854,temperature
2023-03-20T16:00:00Z,CANN,1.5,0.5077142800603595,salt
2023-03-21T16:00:00Z,CANN,1.5,22.939999716622488,temperature
2023-03-21T16:00:00Z,CANN,1.5,0.5315714223044259,salt
2023-03-22T16:00:00Z,CANN,1.5,23.580142702375138,temperature
2023-03-22T16:00:00Z,CANN,1.5,0.5699999928474426,salt
2023-03-23T16:00:00Z,CANN,1.5,23.439000265938894,temperature
2023-03-23T16:00:00Z,CANN,1.5,0.5789999876703534,salt
2023-03-24T16:00:00Z,CANN,1.5,23.622000013078964,temperature
2023-03-24T16:00:00Z,CANN,1.5,0.5699999928474426,salt
2023-03-25T16:00:00Z,CANN,1.5,23.455142702375138,temperature
2023-03-25T16:00:00Z,CANN,1.5,0.5699999928474426,salt
2023-03-26T16:00:00Z,CANN,1.5,23.23171397617885,temperature
2023-03-26T16:00:00Z,CANN,1.5,0.5699999928474426,salt
2023-03-27T16:00:00Z,CANN,1.5,22.81171444484166,temperature
2023-03-27T16:00:00Z,CANN,1.5,0.568142865385328,salt
2023-03-28T16:00:00Z,CANN,1.5,22.240571430751256,temperature
2023-03-28T16:00:00Z,CANN,1.5,0.5600000023841858,salt
2023-12-20T16:00:00Z,CANN,1.5,24.196428571428573,temperature
2023-12-20T16:00:00Z,CANN,1.5,0.5699999928474426,salt
2023-03-29T16:00:00Z,CANN,1.5,21.685857227870397,temperature
2023-03-29T16:00:00Z,CANN,1.5,0.5699999928474426,salt
2023-03-30T16:00:00Z,CANN,1.5,22.178714207240514,temperature
2023-03-30T16:00:00Z,CANN,1.5,0.5548571433339801,salt
2023-03-31T16:00:00Z,CANN,1.5,19.76100022452218,temperature
2023-03-31T16:00:00Z,CANN,1.5,0.3008571522576468,salt
2023-04-01T16:00:00Z,CANN,1.5,20.13314301627023,temperature
2023-04-01T16:00:00Z,CANN,1.5,0.24271428797926223,salt
2023-04-02T16:00:00Z,CANN,1.5,19.87914276123047,temperature
2023-04-02T16:00:00Z,CANN,1.5,0.3100000023841858,salt
2023-04-03T16:00:00Z,CANN,1.5,20.294142859322683,temperature
2023-04-03T16:00:00Z,CANN,1.5,0.33000001311302185,salt
2023-04-04T16:00:00Z,CANN,1.5,20.481856754847936,temperature
2023-04-04T16:00:00Z,CANN,1.5,0.3362857188497271,salt
2023-04-05T16:00:00Z,CANN,1.5,20.17014285496303,temperature
2023-04-05T16:00:00Z,CANN,1.5,0.3585714357239859,salt
2023-04-06T16:00:00Z,CANN,1.5,19.943143027169363,temperature
2023-04-06T16:00:00Z,CANN,1.5,0.3700000047683716,salt
2023-04-07T16:00:00Z,CANN,1.5,19.777286257062638,temperature
2023-04-07T16:00:00Z,CANN,1.5,0.39700000626700266,salt
2023-04-08T16:00:00Z,CANN,1.5,19.507428577968053,temperature
2023-04-08T16:00:00Z,CANN,1.5,0.41999998688697815,salt
2023-04-09T16:00:00Z,CANN,1.5,19.518429074968612,temperature
2023-04-09T16:00:00Z,CANN,1.5,0.4399999976158142,salt
2023-04-10T16:00:00Z,CANN,1.5,19.505285808018275,temperature
2023-04-10T16:00:00Z,CANN,1.5,0.46000000834465027,salt
2023-04-11T16:00:00Z,CANN,1.5,19.28471510750907,temperature
2023-04-11T16:00:00Z,CANN,1.5,0.4699999988079071,salt
2023-04-12T16:00:00Z,CANN,1.5,19.60714312962123,temperature
2023-04-12T16:00:00Z,CANN,1.5,0.46000000834465027,salt
2023-04-13T16:00:00Z,CANN,1.5,19.73228590829032,temperature
2023-04-13T16:00:00Z,CANN,1.5,0.46000000834465027,salt
2023-04-14T16:00:00Z,CANN,1.5,18.929142815726145,temperature
2023-04-14T16:00:00Z,CANN,1.5,0.4292857221194676,salt
2023-04-15T16:00:00Z,CANN,1.5,18.4679993220738,temperature
2023-04-15T16:00:00Z,CANN,1.5,0.38999998569488525,salt
2023-04-16T16:00:00Z,CANN,1.5,18.707000187465123,temperature
2023-04-16T16:00:00Z,CANN,1.5,0.3700000047683716,salt
2023-04-17T16:00:00Z,CANN,1.5,18.60514341081892,temperature
2023-04-17T16:00:00Z,CANN,1.5,0.3700000047683716,salt
2023-04-18T16:00:00Z,CANN,1.5,18.665857315063477,temperature
2023-04-18T16:00:00Z,CANN,1.5,0.3700000047683716,salt
2023-04-19T16:00:00Z,CANN,1.5,18.387142726353236,temperature
2023-04-19T16:00:00Z,CANN,1.5,0.3799999952316284,salt
2023-04-20T16:00:00Z,CANN,1.5,18.214143208095006,temperature
2023-04-20T16:00:00Z,CANN,1.5,0.38999998569488525,salt
2023-04-21T16:00:00Z,CANN,1.5,17.89185687473842,temperature
2023-04-21T16:00:00Z,CANN,1.5,0.4000000059604645,salt
2023-04-22T16:00:00Z,CANN,1.5,18.207428795950754,temperature
2023-04-22T16:00:00Z,CANN,1.5,0.4000000059604645,salt
2023-04-23T16:00:00Z,CANN,1.5,18.062285559517996,temperature
2023-04-23T16:00:00Z,CANN,1.5,0.4000000059604645,salt
2023-04-24T16:00:00Z,CANN,1.5,18.186571393694198,temperature
2023-04-24T16:00:00Z,CANN,1.5,0.4000000059604645,salt
2023-04-25T16:00:00Z,CANN,1.5,17.59942844935826,temperature
2023-04-25T16:00:00Z,CANN,1.5,0.39585714255060467,salt
2023-04-26T16:00:00Z,CANN,1.5,17.439714704241073,temperature
2023-04-26T16:00:00Z,CANN,1.5,0.39257141947746277,salt
2023-04-27T16:00:00Z,CANN,1.5,17.54128565107073,temperature
2023-04-27T16:00:00Z,CANN,1.5,0.4000000059604645,salt
2023-04-28T16:00:00Z,CANN,1.5,16.81199972970145,temperature
2023-04-28T16:00:00Z,CANN,1.5,0.38999998569488525,salt
2023-04-29T16:00:00Z,CANN,1.5,16.402000154767716,temperature
2023-04-29T16:00:00Z,CANN,1.5,0.38142856529780794,salt
2023-04-30T16:00:00Z,CANN,1.5,16.116714205060685,temperature
2023-04-30T16:00:00Z,CANN,1.5,0.38342856083597454,salt
2023-05-01T16:00:00Z,CANN,1.5,16.023428780691965,temperature
2023-05-01T16:00:00Z,CANN,1.5,0.40071429099355427,salt
2023-05-02T16:00:00Z,CANN,1.5,16.125857216971262,temperature
2023-05-02T16:00:00Z,CANN,1.5,0.38999998569488525,salt
2023-05-03T16:00:00Z,CANN,1.5,16.426571437290736,temperature
2023-05-03T16:00:00Z,CANN,1.5,0.3742857107094356,salt
2023-05-04T16:00:00Z,CANN,1.5,16.53271429879325,temperature
2023-05-04T16:00:00Z,CANN,1.5,0.4198571400982993,salt
2023-05-05T16:00:00Z,CANN,1.5,16.57742827279227,temperature
2023-05-05T16:00:00Z,CANN,1.5,0.42285714404923574,salt
2023-05-06T16:00:00Z,CANN,1.5,16.226428713117325,temperature
2023-05-06T16:00:00Z,CANN,1.5,0.36400000538144794,salt
2023-05-07T16:00:00Z,CANN,1.5,16.028143201555526,temperature
2023-05-07T16:00:00Z,CANN,1.5,0.36000001430511475,salt
2023-05-09T16:00:00Z,CANN,1.5,15.994714191981725,temperature
2023-05-09T16:00:00Z,CANN,1.5,0.3700000047683716,salt
2023-05-10T16:00:00Z,CANN,1.5,16.505000250680105,temperature
2023-05-10T16:00:00Z,CANN,1.5,0.3799999952316284,salt
2023-05-11T16:00:00Z,CANN,1.5,16.171142850603378,temperature
2023-05-11T16:00:00Z,CANN,1.5,0.4000000059604645,salt
2023-05-12T16:00:00Z,CANN,1.5,15.849000385829381,temperature
2023-05-12T16:00:00Z,CANN,1.5,0.4000000059604645,salt
2023-05-13T16:00:00Z,CANN,1.5,16.051285607474192,temperature
2023-05-13T16:00:00Z,CANN,1.5,0.41999998688697815,salt
2023-05-14T16:00:00Z,CANN,1.5,16.03357151576451,temperature
2023-05-14T16:00:00Z,CANN,1.5,0.4000000059604645,salt
2023-05-15T16:00:00Z,CANN,1.5,15.979999542236328,temperature
2023-05-15T16:00:00Z,CANN,1.5,0.3799999952316284,salt
2023-05-16T16:00:00Z,CANN,1.5,15.564142772129603,temperature
2023-05-16T16:00:00Z,CANN,1.5,0.3799999952316284,salt
2023-05-20T16:00:00Z,CANN,1.5,15.74299989427839,temperature
2023-05-20T16:00:00Z,CANN,1.5,0.3541428531919207,salt
2023-05-17T16:00:00Z,CANN,1.5,15.726571219308036,temperature
2023-05-17T16:00:00Z,CANN,1.5,0.3799999952316284,salt
2023-05-18T16:00:00Z,CANN,1.5,15.857571193150111,temperature
2023-05-18T16:00:00Z,CANN,1.5,0.3700000047683716,salt
2023-05-19T16:00:00Z,CANN,1.5,15.819142886570521,temperature
2023-05-19T16:00:00Z,CANN,1.5,0.36000001430511475,salt
2023-05-21T16:00:00Z,CANN,1.5,15.67557157788958,temperature
2023-05-21T16:00:00Z,CANN,1.5,0.3499999940395355,salt
2023-05-22T16:00:00Z,CANN,1.5,15.60557120186942,temperature
2023-05-22T16:00:00Z,CANN,1.5,0.3499999940395355,salt
2023-05-23T16:00:00Z,CANN,1.5,15.460285867963519,temperature
2023-05-23T16:00:00Z,CANN,1.5,0.3499999940395355,salt
2023-05-25T16:00:00Z,CANN,1.5,15.151999882289342,temperature
2023-05-25T16:00:00Z,CANN,1.5,0.3799999952316284,salt
2023-05-24T16:00:00Z,CANN,1.5,15.676856994628906,temperature
2023-05-24T16:00:00Z,CANN,1.5,0.3657142903123583,salt
2023-05-28T16:00:00Z,CANN,1.5,13.653714179992676,temperature
2023-05-28T16:00:00Z,CANN,1.5,0.4000000059604645,salt
2023-05-29T16:00:00Z,CANN,1.5,13.862714086260114,temperature
2023-05-29T16:00:00Z,CANN,1.5,0.4000000059604645,salt
2023-05-30T16:00:00Z,CANN,1.5,14.11757128579276,temperature
2023-05-30T16:00:00Z,CANN,1.5,0.4099999964237213,salt
2023-12-21T16:00:00Z,CANN,1.5,24.662571498325892,temperature
2023-12-21T16:00:00Z,CANN,1.5,0.5699999928474426,salt
2023-05-31T16:00:00Z,CANN,1.5,14.26428576878139,temperature
2023-05-31T16:00:00Z,CANN,1.5,0.39071427498544964,salt
2023-06-01T16:00:00Z,CANN,1.5,14.46614306313651,temperature
2023-06-01T16:00:00Z,CANN,1.5,0.36000001430511475,salt
2023-06-02T16:00:00Z,CANN,1.5,14.302285739353724,temperature
2023-06-02T16:00:00Z,CANN,1.5,0.3700000047683716,salt
2023-06-03T16:00:00Z,CANN,1.5,14.219857079642159,temperature
2023-06-03T16:00:00Z,CANN,1.5,0.36142858437129427,salt
2023-06-04T16:00:00Z,CANN,1.5,14.73457132066999,temperature
2023-06-04T16:00:00Z,CANN,1.5,0.21042856574058533,salt
2023-06-05T16:00:00Z,CANN,1.5,14.30171435219901,temperature
2023-06-05T16:00:00Z,CANN,1.5,0.12114285571234566,salt
2023-06-06T16:00:00Z,CANN,1.5,12.550000190734863,temperature
2023-06-06T16:00:00Z,CANN,1.5,0.1599999964237213,salt
2023-06-07T16:00:00Z,CANN,1.5,12.863428524562291,temperature
2023-06-07T16:00:00Z,CANN,1.5,0.20999999344348907,salt
2023-06-08T16:00:00Z,CANN,1.5,13.728142874581474,temperature
2023-06-08T16:00:00Z,CANN,1.5,0.2997142970561981,salt
2023-06-09T16:00:00Z,CANN,1.5,14.673714365277972,temperature
2023-06-09T16:00:00Z,CANN,1.5,0.36900000487055096,salt
2023-06-10T16:00:00Z,CANN,1.5,15.51885713849749,temperature
2023-06-10T16:00:00Z,CANN,1.5,0.28999999165534973,salt
2023-06-11T16:00:00Z,CANN,1.5,15.31514276776995,temperature
2023-06-11T16:00:00Z,CANN,1.5,0.28999999165534973,salt
2023-06-12T16:00:00Z,CANN,1.5,14.777571405683245,temperature
2023-06-12T16:00:00Z,CANN,1.5,0.3499999940395355,salt
2023-06-13T16:00:00Z,CANN,1.5,14.999999863760811,temperature
2023-06-13T16:00:00Z,CANN,1.5,0.4000000059604645,salt
2023-06-14T16:00:00Z,CANN,1.5,15.088856969560895,temperature
2023-06-14T16:00:00Z,CANN,1.5,0.39971429109573364,salt
2023-06-15T16:00:00Z,CANN,1.5,15.228428568158831,temperature
2023-06-15T16:00:00Z,CANN,1.5,0.3499999940395355,salt
2023-06-16T16:00:00Z,CANN,1.5,15.211714335850306,temperature
2023-06-16T16:00:00Z,CANN,1.5,0.36000001430511475,salt
2023-06-17T16:00:00Z,CANN,1.5,14.662857191903251,temperature
2023-06-17T16:00:00Z,CANN,1.5,0.36000001430511475,salt
2023-06-18T16:00:00Z,CANN,1.5,14.032857077462333,temperature
2023-06-18T16:00:00Z,CANN,1.5,0.3700000047683716,salt
2023-06-19T16:00:00Z,CANN,1.5,13.284285954066686,temperature
2023-06-19T16:00:00Z,CANN,1.5,0.38999998569488525,salt
2023-06-20T16:00:00Z,CANN,1.5,12.989571435110909,temperature
2023-06-20T16:00:00Z,CANN,1.5,0.2887142811502729,salt
2023-06-21T16:00:00Z,CANN,1.5,13.030285835266113,temperature
2023-06-21T16:00:00Z,CANN,1.5,0.2800000011920929,salt
2023-06-22T16:00:00Z,CANN,1.5,13.076571464538574,temperature
2023-06-22T16:00:00Z,CANN,1.5,0.3332857234137399,salt
2023-06-23T16:00:00Z,CANN,1.5,13.405142647879464,temperature
2023-06-23T16:00:00Z,CANN,1.5,0.3199999928474426,salt
2023-06-24T16:00:00Z,CANN,1.5,13.395999908447266,temperature
2023-06-24T16:00:00Z,CANN,1.5,0.3499999940395355,salt
2023-06-25T16:00:00Z,CANN,1.5,13.464285714285714,temperature
2023-06-25T16:00:00Z,CANN,1.5,0.3700000047683716,salt
2023-06-26T16:00:00Z,CANN,1.5,12.791857174464635,temperature
2023-06-26T16:00:00Z,CANN,1.5,0.38999998569488525,salt
2023-12-22T16:00:00Z,CANN,1.5,24.814571380615234,temperature
2023-12-22T16:00:00Z,CANN,1.5,0.5699999928474426,salt
2023-06-27T16:00:00Z,CANN,1.5,12.265857424054827,temperature
2023-06-27T16:00:00Z,CANN,1.5,0.4300000071525574,salt
2023-06-28T16:00:00Z,CANN,1.5,12.082142966134208,temperature
2023-06-28T16:00:00Z,CANN,1.5,0.4399999976158142,salt
2023-06-29T16:00:00Z,CANN,1.5,11.785571370806013,temperature
2023-06-29T16:00:00Z,CANN,1.5,0.46000000834465027,salt
2023-06-30T16:00:00Z,CANN,1.5,11.503428731645856,temperature
2023-06-30T16:00:00Z,CANN,1.5,0.47999998927116394,salt
2023-07-01T16:00:00Z,CANN,1.5,11.303857258387975,temperature
2023-07-01T16:00:00Z,CANN,1.5,0.5,salt
2023-07-02T16:00:00Z,CANN,1.5,11.228571483067103,temperature
2023-07-02T16:00:00Z,CANN,1.5,0.4699999988079071,salt
2023-07-03T16:00:00Z,CANN,1.5,12.532285554068428,temperature
2023-07-03T16:00:00Z,CANN,1.5,0.43328571745327543,salt
2023-07-04T16:00:00Z,CANN,1.5,13.454571451459612,temperature
2023-07-04T16:00:00Z,CANN,1.5,0.29585714851106915,salt
2023-07-05T16:00:00Z,CANN,1.5,13.213285854884557,temperature
2023-07-05T16:00:00Z,CANN,1.5,0.3100000023841858,salt
2023-07-06T16:00:00Z,CANN,1.5,13.426428522382464,temperature
2023-07-06T16:00:00Z,CANN,1.5,0.3100000023841858,salt
2023-07-07T16:00:00Z,CANN,1.5,14.098857062203544,temperature
2023-07-07T16:00:00Z,CANN,1.5,0.3294285833835602,salt
2023-07-08T16:00:00Z,CANN,1.5,14.706857000078474,temperature
2023-07-08T16:00:00Z,CANN,1.5,0.3400000035762787,salt
2023-07-09T16:00:00Z,CANN,1.5,15.073714120047432,temperature
2023-07-09T16:00:00Z,CANN,1.5,0.36000001430511475,salt
2023-07-10T16:00:00Z,CANN,1.5,15.136000088282994,temperature
2023-07-10T16:00:00Z,CANN,1.5,0.38899998579706463,salt
2023-07-11T16:00:00Z,CANN,1.5,15.418857165745326,temperature
2023-07-11T16:00:00Z,CANN,1.5,0.4000000059604645,salt
2023-07-12T16:00:00Z,CANN,1.5,15.751714297703334,temperature
2023-07-12T16:00:00Z,CANN,1.5,0.4099999964237213,salt
2023-07-13T16:00:00Z,CANN,1.5,15.98371410369873,temperature
2023-07-13T16:00:00Z,CANN,1.5,0.4300000071525574,salt
2023-07-14T16:00:00Z,CANN,1.5,15.624857221330915,temperature
2023-07-14T16:00:00Z,CANN,1.5,0.41999998688697815,salt
2023-07-15T16:00:00Z,CANN,1.5,14.253571510314941,temperature
2023-07-15T16:00:00Z,CANN,1.5,0.4099999964237213,salt
2023-07-16T16:00:00Z,CANN,1.5,13.144285610743932,temperature
2023-07-16T16:00:00Z,CANN,1.5,0.41999998688697815,salt
2023-07-17T16:00:00Z,CANN,1.5,13.171714510236468,temperature
2023-07-17T16:00:00Z,CANN,1.5,0.4300000071525574,salt
2023-07-18T16:00:00Z,CANN,1.5,13.55485725402832,temperature
2023-07-18T16:00:00Z,CANN,1.5,0.43257143242018564,salt
2023-07-19T16:00:00Z,CANN,1.5,14.124000004359655,temperature
2023-07-19T16:00:00Z,CANN,1.5,0.25999999046325684,salt
2023-07-20T16:00:00Z,CANN,1.5,13.610714503696986,temperature
2023-07-20T16:00:00Z,CANN,1.5,0.2818571414266314,salt
2023-07-21T16:00:00Z,CANN,1.5,14.073428562709264,temperature
2023-07-21T16:00:00Z,CANN,1.5,0.3100000023841858,salt
2023-07-22T16:00:00Z,CANN,1.5,14.040714263916016,temperature
2023-07-22T16:00:00Z,CANN,1.5,0.3199999928474426,salt
2023-07-23T16:00:00Z,CANN,1.5,13.792999948774066,temperature
2023-07-23T16:00:00Z,CANN,1.5,0.3499999940395355,salt
2023-07-24T16:00:00Z,CANN,1.5,13.722999981471471,temperature
2023-07-24T16:00:00Z,CANN,1.5,0.37257143003599985,salt
2023-07-25T16:00:00Z,CANN,1.5,13.485142571585518,temperature
2023-07-25T16:00:00Z,CANN,1.5,0.3799999952316284,salt
2023-07-26T16:00:00Z,CANN,1.5,13.679714611598424,temperature
2023-07-26T16:00:00Z,CANN,1.5,0.25,salt
2023-07-27T16:00:00Z,CANN,1.5,13.842714582170759,temperature
2023-07-27T16:00:00Z,CANN,1.5,0.23999999463558197,salt
2023-07-28T16:00:00Z,CANN,1.5,14.250428608485631,temperature
2023-07-28T16:00:00Z,CANN,1.5,0.30000001192092896,salt
2023-07-29T16:00:00Z,CANN,1.5,15.119999885559082,temperature
2023-07-29T16:00:00Z,CANN,1.5,0.30000001192092896,salt
2023-07-30T16:00:00Z,CANN,1.5,15.249571391514369,temperature
2023-07-30T16:00:00Z,CANN,1.5,0.33000001311302185,salt
2023-07-31T16:00:00Z,CANN,1.5,15.24457141331264,temperature
2023-07-31T16:00:00Z,CANN,1.5,0.3400000035762787,salt
2023-08-01T16:00:00Z,CANN,1.5,15.108142989022392,temperature
2023-08-01T16:00:00Z,CANN,1.5,0.36000001430511475,salt
2023-08-02T16:00:00Z,CANN,1.5,14.719571386064802,temperature
2023-08-02T16:00:00Z,CANN,1.5,0.3799999952316284,salt
2023-08-03T16:00:00Z,CANN,1.5,14.032285826546806,temperature
2023-08-03T16:00:00Z,CANN,1.5,0.35757143582616535,salt
2023-08-04T16:00:00Z,CANN,1.5,13.386571339198522,temperature
2023-08-04T16:00:00Z,CANN,1.5,0.33000001311302185,salt
2023-08-05T16:00:00Z,CANN,1.5,13.162285804748535,temperature
2023-08-05T16:00:00Z,CANN,1.5,0.36000001430511475,salt
2023-08-06T16:00:00Z,CANN,1.5,13.671285629272461,temperature
2023-08-06T16:00:00Z,CANN,1.5,0.3804285653999874,salt
2023-08-07T16:00:00Z,CANN,1.5,14.4378570829119,temperature
2023-08-07T16:00:00Z,CANN,1.5,0.40757142645972116,salt
2023-08-08T16:00:00Z,CANN,1.5,15.35457147870745,temperature
2023-08-08T16:00:00Z,CANN,1.5,0.41999998688697815,salt
2023-08-09T16:00:00Z,CANN,1.5,15.266428538731166,temperature
2023-08-09T16:00:00Z,CANN,1.5,0.3818571354661669,salt
2023-08-10T16:00:00Z,CANN,1.5,14.332428523472377,temperature
2023-08-10T16:00:00Z,CANN,1.5,0.3700000047683716,salt
2023-08-11T16:00:00Z,CANN,1.5,14.51314285823277,temperature
2023-08-11T16:00:00Z,CANN,1.5,0.3700000047683716,salt
2023-08-12T16:00:00Z,CANN,1.5,14.567285673958915,temperature
2023-08-12T16:00:00Z,CANN,1.5,0.36000001430511475,salt
2023-08-13T16:00:00Z,CANN,1.5,14.527142797197614,temperature
2023-08-13T16:00:00Z,CANN,1.5,0.3700000047683716,salt
2023-08-14T16:00:00Z,CANN,1.5,14.82899992806571,temperature
2023-08-14T16:00:00Z,CANN,1.5,0.38999998569488525,salt
2023-08-18T16:00:00Z,CANN,1.5,14.1438570022583,temperature
2023-08-18T16:00:00Z,CANN,1.5,0.3100000023841858,salt
2023-08-19T16:00:00Z,CANN,1.5,14.741999898638044,temperature
2023-08-19T16:00:00Z,CANN,1.5,0.3400000035762787,salt
2023-12-23T16:00:00Z,CANN,1.5,25.090999875749862,temperature
2023-12-23T16:00:00Z,CANN,1.5,0.5799999833106995,salt
2023-08-20T16:00:00Z,CANN,1.5,14.793285778590612,temperature
2023-08-20T16:00:00Z,CANN,1.5,0.3499999940395355,salt
2023-08-21T16:00:00Z,CANN,1.5,15.159143039158412,temperature
2023-08-21T16:00:00Z,CANN,1.5,0.3700000047683716,salt
2023-08-22T16:00:00Z,CANN,1.5,14.726428440638951,temperature
2023-08-22T16:00:00Z,CANN,1.5,0.3799999952316284,salt
2023-08-23T16:00:00Z,CANN,1.5,14.860999924795967,temperature
2023-08-23T16:00:00Z,CANN,1.5,0.4000000059604645,salt
2023-08-24T16:00:00Z,CANN,1.5,15.118857111249651,temperature
2023-08-24T16:00:00Z,CANN,1.5,0.4099999964237213,salt
2023-08-25T16:00:00Z,CANN,1.5,14.838857242039271,temperature
2023-08-25T16:00:00Z,CANN,1.5,0.41999998688697815,salt
2023-08-26T16:00:00Z,CANN,1.5,15.590285846165248,temperature
2023-08-26T16:00:00Z,CANN,1.5,0.4300000071525574,salt
2023-08-27T16:00:00Z,CANN,1.5,16.11371421813965,temperature
2023-08-27T16:00:00Z,CANN,1.5,0.4399999976158142,salt
2023-08-28T16:00:00Z,CANN,1.5,16.46557126726423,temperature
2023-08-28T16:00:00Z,CANN,1.5,0.4399999976158142,salt
2023-08-29T16:00:00Z,CANN,1.5,16.971571241106307,temperature
2023-08-29T16:00:00Z,CANN,1.5,0.44999998807907104,salt
2023-08-30T16:00:00Z,CANN,1.5,16.42057146344866,temperature
2023-08-30T16:00:00Z,CANN,1.5,0.46000000834465027,salt
2023-08-31T16:00:00Z,CANN,1.5,16.24599974496024,temperature
2023-08-31T16:00:00Z,CANN,1.5,0.46000000834465027,salt
2023-09-01T16:00:00Z,CANN,1.5,17.061571393694198,temperature
2023-09-01T16:00:00Z,CANN,1.5,0.46000000834465027,salt
2023-09-02T16:00:00Z,CANN,1.5,17.44385746547154,temperature
2023-09-02T16:00:00Z,CANN,1.5,0.46000000834465027,salt
2023-09-03T16:00:00Z,CANN,1.5,16.672714233398438,temperature
2023-09-03T16:00:00Z,CANN,1.5,0.3911428451538086,salt
2023-09-04T16:00:00Z,CANN,1.5,16.54871395656041,temperature
2023-09-04T16:00:00Z,CANN,1.5,0.36000001430511475,salt
2023-09-05T16:00:00Z,CANN,1.5,16.835714067731583,temperature
2023-09-05T16:00:00Z,CANN,1.5,0.3499999940395355,salt
2023-09-06T16:00:00Z,CANN,1.5,16.538571766444615,temperature
2023-09-06T16:00:00Z,CANN,1.5,0.30971428751945496,salt
2023-09-07T16:00:00Z,CANN,1.5,16.107285363333567,temperature
2023-09-07T16:00:00Z,CANN,1.5,0.28999999165534973,salt
2023-09-08T16:00:00Z,CANN,1.5,15.778285571507045,temperature
2023-09-08T16:00:00Z,CANN,1.5,0.3199999928474426,salt
2023-09-09T16:00:00Z,CANN,1.5,16.038857323782786,temperature
2023-09-09T16:00:00Z,CANN,1.5,0.3499999940395355,salt
2023-09-10T16:00:00Z,CANN,1.5,16.847857339041575,temperature
2023-09-10T16:00:00Z,CANN,1.5,0.4099999964237213,salt
2023-09-11T16:00:00Z,CANN,1.5,17.324571337018693,temperature
2023-09-11T16:00:00Z,CANN,1.5,0.4444285673754556,salt
2023-09-12T16:00:00Z,CANN,1.5,17.760571343558176,temperature
2023-09-12T16:00:00Z,CANN,1.5,0.44999998807907104,salt
2023-09-13T16:00:00Z,CANN,1.5,16.681000028337753,temperature
2023-09-13T16:00:00Z,CANN,1.5,0.3887142837047577,salt
2023-09-14T16:00:00Z,CANN,1.5,15.874000004359655,temperature
2023-09-14T16:00:00Z,CANN,1.5,0.27000001072883606,salt
2023-09-15T16:00:00Z,CANN,1.5,16.639999389648438,temperature
2023-09-15T16:00:00Z,CANN,1.5,0.3400000035762787,salt
2023-09-17T16:00:00Z,CANN,1.5,17.884143011910574,temperature
2023-09-17T16:00:00Z,CANN,1.5,0.3799999952316284,salt
2023-12-24T16:00:00Z,CANN,1.5,24.967857088361466,temperature
2023-12-24T16:00:00Z,CANN,1.5,0.5799999833106995,salt
2023-09-18T16:00:00Z,CANN,1.5,17.370142800467356,temperature
2023-09-18T16:00:00Z,CANN,1.5,0.3799999952316284,salt
2023-09-19T16:00:00Z,CANN,1.5,17.323714120047434,temperature
2023-09-19T16:00:00Z,CANN,1.5,0.3799999952316284,salt
2023-08-15T16:00:00Z,CANN,1.5,14.912285668509346,temperature
2023-08-15T16:00:00Z,CANN,1.5,0.20000000298023224,salt
2023-08-17T16:00:00Z,CANN,1.5,14.067285401480538,temperature
2023-08-17T16:00:00Z,CANN,1.5,0.25999999046325684,salt
2023-09-20T16:00:00Z,CANN,1.5,17.69242913382394,temperature
2023-09-20T16:00:00Z,CANN,1.5,0.38999998569488525,salt
2023-09-16T16:00:00Z,CANN,1.5,17.697999954223633,temperature
2023-09-16T16:00:00Z,CANN,1.5,0.3700000047683716,salt
2023-09-21T16:00:00Z,CANN,1.5,17.563713891165598,temperature
2023-09-21T16:00:00Z,CANN,1.5,0.4000000059604645,salt
2023-09-22T16:00:00Z,CANN,1.5,17.71742847987584,temperature
2023-09-22T16:00:00Z,CANN,1.5,0.4099999964237213,salt
2023-09-23T16:00:00Z,CANN,1.5,18.38657133919852,temperature
2023-09-23T16:00:00Z,CANN,1.5,0.4099999964237213,salt
2023-09-24T16:00:00Z,CANN,1.5,18.329571315220424,temperature
2023-09-24T16:00:00Z,CANN,1.5,0.4099999964237213,salt
2023-09-25T16:00:00Z,CANN,1.5,18.09185709272112,temperature
2023-09-25T16:00:00Z,CANN,1.5,0.428285722221647,salt
2023-09-26T16:00:00Z,CANN,1.5,17.827999932425364,temperature
2023-09-26T16:00:00Z,CANN,1.5,0.4300000071525574,salt
2023-09-27T16:00:00Z,CANN,1.5,18.01928574698312,temperature
2023-09-27T16:00:00Z,CANN,1.5,0.4399999976158142,salt
2023-09-28T16:00:00Z,CANN,1.5,18.644142695835658,temperature
2023-09-28T16:00:00Z,CANN,1.5,0.44999998807907104,salt
2023-09-29T16:00:00Z,CANN,1.5,19.60957145690918,temperature
2023-09-29T16:00:00Z,CANN,1.5,0.44999998807907104,salt
2023-09-30T16:00:00Z,CANN,1.5,20.107714244297572,temperature
2023-09-30T16:00:00Z,CANN,1.5,0.46000000834465027,salt
2023-10-01T16:00:00Z,CANN,1.5,19.710428510393417,temperature
2023-10-01T16:00:00Z,CANN,1.5,0.47999998927116394,salt
2023-10-02T16:00:00Z,CANN,1.5,18.131999969482422,temperature
2023-10-02T16:00:00Z,CANN,1.5,0.4892857245036534,salt
2023-10-03T16:00:00Z,CANN,1.5,17.57928548540388,temperature
2023-10-03T16:00:00Z,CANN,1.5,0.4399999976158142,salt
2023-10-04T16:00:00Z,CANN,1.5,17.275000435965403,temperature
2023-10-04T16:00:00Z,CANN,1.5,0.4300000071525574,salt
2023-10-05T16:00:00Z,CANN,1.5,17.686571666172572,temperature
2023-10-05T16:00:00Z,CANN,1.5,0.426571433033262,salt
2023-10-06T16:00:00Z,CANN,1.5,17.69442858014788,temperature
2023-10-06T16:00:00Z,CANN,1.5,0.42442857367651804,salt
2023-10-07T16:00:00Z,CANN,1.5,18.29514285496303,temperature
2023-10-07T16:00:00Z,CANN,1.5,0.4300000071525574,salt
2023-10-08T16:00:00Z,CANN,1.5,18.994857243129186,temperature
2023-10-08T16:00:00Z,CANN,1.5,0.4399999976158142,salt
2023-10-09T16:00:00Z,CANN,1.5,19.678428377423966,temperature
2023-10-09T16:00:00Z,CANN,1.5,0.44999998807907104,salt
2023-10-10T16:00:00Z,CANN,1.5,20.17257172720773,temperature
2023-10-10T16:00:00Z,CANN,1.5,0.4580000085490091,salt
2023-10-11T16:00:00Z,CANN,1.5,19.89571407863072,temperature
2023-10-11T16:00:00Z,CANN,1.5,0.4679999990122659,salt
2023-10-12T16:00:00Z,CANN,1.5,19.565286091395787,temperature
2023-10-12T16:00:00Z,CANN,1.5,0.4699999988079071,salt
2023-10-13T16:00:00Z,CANN,1.5,19.578857149396622,temperature
2023-10-13T16:00:00Z,CANN,1.5,0.48314286129815237,salt
2023-10-14T16:00:00Z,CANN,1.5,19.792428697858536,temperature
2023-10-14T16:00:00Z,CANN,1.5,0.49828571506908964,salt
2023-10-15T16:00:00Z,CANN,1.5,19.801428931100027,temperature
2023-10-15T16:00:00Z,CANN,1.5,0.49528571537562777,salt
2023-10-16T16:00:00Z,CANN,1.5,20.53328514099121,temperature
2023-10-16T16:00:00Z,CANN,1.5,0.5007142850330898,salt
2023-10-17T16:00:00Z,CANN,1.5,20.558856964111328,temperature
2023-10-17T16:00:00Z,CANN,1.5,0.5099999904632568,salt
2023-10-18T16:00:00Z,CANN,1.5,21.118000030517578,temperature
2023-10-18T16:00:00Z,CANN,1.5,0.5099999904632568,salt
2023-10-19T16:00:00Z,CANN,1.5,21.211000170026505,temperature
2023-10-19T16:00:00Z,CANN,1.5,0.5099999904632568,salt
2023-10-20T16:00:00Z,CANN,1.5,21.111000333513534,temperature
2023-10-20T16:00:00Z,CANN,1.5,0.5099999904632568,salt
2023-10-21T16:00:00Z,CANN,1.5,21.727571487426758,temperature
2023-10-21T16:00:00Z,CANN,1.5,0.5089999948229108,salt
2023-10-22T16:00:00Z,CANN,1.5,21.429571424211776,temperature
2023-10-22T16:00:00Z,CANN,1.5,0.5099999904632568,salt
2023-10-23T16:00:00Z,CANN,1.5,20.777714048113143,temperature
2023-10-23T16:00:00Z,CANN,1.5,0.5099999904632568,salt
2023-10-24T16:00:00Z,CANN,1.5,20.127428599766322,temperature
2023-10-24T16:00:00Z,CANN,1.5,0.5099999904632568,salt
2023-10-25T16:00:00Z,CANN,1.5,20.150000163487025,temperature
2023-10-25T16:00:00Z,CANN,1.5,0.5199999809265137,salt
2024-01-27T16:00:00Z,CANN,1.5,24.65957123892648,temperature
2024-01-27T16:00:00Z,CANN,1.5,0.5799999833106995,salt
2023-10-26T16:00:00Z,CANN,1.5,20.15771484375,temperature
2023-10-26T16:00:00Z,CANN,1.5,0.5299999713897705,salt
2023-10-27T16:00:00Z,CANN,1.5,20.133571079799108,temperature
2023-10-27T16:00:00Z,CANN,1.5,0.5299999713897705,salt
2023-10-28T16:00:00Z,CANN,1.5,19.818714141845703,temperature
2023-10-28T16:00:00Z,CANN,1.5,0.5299999713897705,salt
2023-10-29T16:00:00Z,CANN,1.5,20.119428634643555,temperature
2023-10-29T16:00:00Z,CANN,1.5,0.5292856863566807,salt
2023-12-25T16:00:00Z,CANN,1.5,25.262428556169784,temperature
2023-12-25T16:00:00Z,CANN,1.5,0.5799999833106995,salt
2023-10-30T16:00:00Z,CANN,1.5,19.547000067574636,temperature
2023-10-30T16:00:00Z,CANN,1.5,0.5382857237543378,salt
2023-10-31T16:00:00Z,CANN,1.5,19.452857153756277,temperature
2023-10-31T16:00:00Z,CANN,1.5,0.5400000214576721,salt
2023-11-01T16:00:00Z,CANN,1.5,19.775714329310826,temperature
2023-11-01T16:00:00Z,CANN,1.5,0.5400000214576721,salt
2023-11-02T16:00:00Z,CANN,1.5,19.775856835501536,temperature
2023-11-02T16:00:00Z,CANN,1.5,0.5400000214576721,salt
2023-11-03T16:00:00Z,CANN,1.5,20.625,temperature
2023-11-03T16:00:00Z,CANN,1.5,0.550000011920929,salt
2023-11-04T16:00:00Z,CANN,1.5,21.41914258684431,temperature
2023-11-04T16:00:00Z,CANN,1.5,0.550000011920929,salt
2023-11-05T16:00:00Z,CANN,1.5,21.80742835998535,temperature
2023-11-05T16:00:00Z,CANN,1.5,0.550000011920929,salt
2023-11-06T16:00:00Z,CANN,1.5,22.202999932425364,temperature
2023-11-06T16:00:00Z,CANN,1.5,0.550000011920929,salt
2023-11-07T16:00:00Z,CANN,1.5,22.621857234409877,temperature
2023-11-07T16:00:00Z,CANN,1.5,0.550000011920929,salt
2023-11-08T16:00:00Z,CANN,1.5,22.878143310546875,temperature
2023-11-08T16:00:00Z,CANN,1.5,0.550000011920929,salt
2023-12-29T16:00:00Z,CANN,1.5,24.887285777500697,temperature
2023-12-29T16:00:00Z,CANN,1.5,0.5799999833106995,salt
2023-11-13T16:00:00Z,CANN,1.5,21.90842846461705,temperature
2023-11-13T16:00:00Z,CANN,1.5,0.550000011920929,salt
2023-11-09T16:00:00Z,CANN,1.5,23.14271436418806,temperature
2023-11-09T16:00:00Z,CANN,1.5,0.550000011920929,salt
2023-11-14T16:00:00Z,CANN,1.5,21.68242835998535,temperature
2023-11-14T16:00:00Z,CANN,1.5,0.550000011920929,salt
2023-11-12T16:00:00Z,CANN,1.5,21.788428715297155,temperature
2023-11-12T16:00:00Z,CANN,1.5,0.5487142886434283,salt
2023-11-10T16:00:00Z,CANN,1.5,22.743713651384628,temperature
2023-11-10T16:00:00Z,CANN,1.5,0.550000011920929,salt
2023-11-11T16:00:00Z,CANN,1.5,22.01157133919852,temperature
2023-11-11T16:00:00Z,CANN,1.5,0.550000011920929,salt
2023-12-26T16:00:00Z,CANN,1.5,26.14299992152623,temperature
2023-12-26T16:00:00Z,CANN,1.5,0.5699999928474426,salt
2023-12-30T16:00:00Z,CANN,1.5,24.824856894356863,temperature
2023-12-30T16:00:00Z,CANN,1.5,0.5799999833106995,salt
2023-11-15T16:00:00Z,CANN,1.5,22.082285472324916,temperature
2023-11-15T16:00:00Z,CANN,1.5,0.550000011920929,salt
2023-11-16T16:00:00Z,CANN,1.5,22.411428724016464,temperature
2023-11-16T16:00:00Z,CANN,1.5,0.550000011920929,salt
2023-11-17T16:00:00Z,CANN,1.5,22.511714390345983,temperature
2023-11-17T16:00:00Z,CANN,1.5,0.550000011920929,salt
2023-11-18T16:00:00Z,CANN,1.5,23.070999962942942,temperature
2023-11-18T16:00:00Z,CANN,1.5,0.550000011920929,salt
2023-11-19T16:00:00Z,CANN,1.5,22.808142525809153,temperature
2023-11-19T16:00:00Z,CANN,1.5,0.550000011920929,salt
2023-11-20T16:00:00Z,CANN,1.5,22.898142950875418,temperature
2023-11-20T16:00:00Z,CANN,1.5,0.550000011920929,salt
2023-11-21T16:00:00Z,CANN,1.5,23.63814272199358,temperature
2023-11-21T16:00:00Z,CANN,1.5,0.550000011920929,salt
2023-11-22T16:00:00Z,CANN,1.5,24.843143190656388,temperature
2023-11-22T16:00:00Z,CANN,1.5,0.557571428162711,salt
2023-11-23T16:00:00Z,CANN,1.5,24.187999725341797,temperature
2023-11-23T16:00:00Z,CANN,1.5,0.5600000023841858,salt
2023-11-24T16:00:00Z,CANN,1.5,24.757285799298966,temperature
2023-11-24T16:00:00Z,CANN,1.5,0.5600000023841858,salt
2023-11-25T16:00:00Z,CANN,1.5,24.87785748073033,temperature
2023-11-25T16:00:00Z,CANN,1.5,0.5600000023841858,salt
2023-12-27T16:00:00Z,CANN,1.5,25.39757183619908,temperature
2023-12-27T16:00:00Z,CANN,1.5,0.5799999833106995,salt
2023-11-26T16:00:00Z,CANN,1.5,25.0091427394322,temperature
2023-11-26T16:00:00Z,CANN,1.5,0.5600000023841858,salt
2023-11-27T16:00:00Z,CANN,1.5,25.480570929391043,temperature
2023-11-27T16:00:00Z,CANN,1.5,0.5600000023841858,salt
2023-11-28T16:00:00Z,CANN,1.5,25.412714549473353,temperature
2023-11-28T16:00:00Z,CANN,1.5,0.5600000023841858,salt
2023-11-29T16:00:00Z,CANN,1.5,25.04814284188407,temperature
2023-11-29T16:00:00Z,CANN,1.5,0.550000011920929,salt
2023-11-30T16:00:00Z,CANN,1.5,25.1179997580392,temperature
2023-11-30T16:00:00Z,CANN,1.5,0.550000011920929,salt
2023-12-01T16:00:00Z,CANN,1.5,25.237713950020925,temperature
2023-12-01T16:00:00Z,CANN,1.5,0.550000011920929,salt
2023-12-02T16:00:00Z,CANN,1.5,25.389285768781388,temperature
2023-12-02T16:00:00Z,CANN,1.5,0.550000011920929,salt
2023-12-03T16:00:00Z,CANN,1.5,25.90314292907715,temperature
2023-12-03T16:00:00Z,CANN,1.5,0.550000011920929,salt
2023-12-04T16:00:00Z,CANN,1.5,25.931142807006836,temperature
2023-12-04T16:00:00Z,CANN,1.5,0.550000011920929,salt
2023-12-05T16:00:00Z,CANN,1.5,25.624285289219447,temperature
2023-12-05T16:00:00Z,CANN,1.5,0.550000011920929,salt
2023-12-06T16:00:00Z,CANN,1.5,25.49500002179827,temperature
2023-12-06T16:00:00Z,CANN,1.5,0.550000011920929,salt
2023-12-07T16:00:00Z,CANN,1.5,25.216000420706614,temperature
2023-12-07T16:00:00Z,CANN,1.5,0.550000011920929,salt
2023-12-08T16:00:00Z,CANN,1.5,24.625285829816544,temperature
2023-12-08T16:00:00Z,CANN,1.5,0.550000011920929,salt
2023-12-09T16:00:00Z,CANN,1.5,23.80471420288086,temperature
2023-12-09T16:00:00Z,CANN,1.5,0.5572857175554548,salt
2023-12-10T16:00:00Z,CANN,1.5,23.559285845075333,temperature
2023-12-10T16:00:00Z,CANN,1.5,0.5600000023841858,salt
2023-12-11T16:00:00Z,CANN,1.5,23.4591429574149,temperature
2023-12-11T16:00:00Z,CANN,1.5,0.5600000023841858,salt
2023-12-12T16:00:00Z,CANN,1.5,24.087428501674108,temperature
2023-12-12T16:00:00Z,CANN,1.5,0.5600000023841858,salt
2023-12-13T16:00:00Z,CANN,1.5,24.577285766601562,temperature
2023-12-13T16:00:00Z,CANN,1.5,0.5600000023841858,salt
2023-12-14T16:00:00Z,CANN,1.5,24.89242853437151,temperature
2023-12-14T16:00:00Z,CANN,1.5,0.5600000023841858,salt
2023-12-15T16:00:00Z,CANN,1.5,24.711999893188477,temperature
2023-12-15T16:00:00Z,CANN,1.5,0.5600000023841858,salt
2023-12-16T16:00:00Z,CANN,1.5,24.788428442818777,temperature
2023-12-16T16:00:00Z,CANN,1.5,0.5600000023841858,salt
2023-12-17T16:00:00Z,CANN,1.5,24.966285705566406,temperature
2023-12-17T16:00:00Z,CANN,1.5,0.5692857078143528,salt
2023-12-19T16:00:00Z,CANN,1.5,24.959714072091238,temperature
2023-12-19T16:00:00Z,CANN,1.5,0.5699999928474426,salt
2023-12-31T16:00:00Z,CANN,1.5,25.520857129778182,temperature
2023-12-31T16:00:00Z,CANN,1.5,0.5799999833106995,salt
2024-01-01T16:00:00Z,CANN,1.5,25.535285677228654,temperature
2024-01-01T16:00:00Z,CANN,1.5,0.5799999833106995,salt
2024-01-02T16:00:00Z,CANN,1.5,25.10457147870745,temperature
2024-01-02T16:00:00Z,CANN,1.5,0.5799999833106995,salt
2024-01-03T16:00:00Z,CANN,1.5,24.767571585518972,temperature
2024-01-03T16:00:00Z,CANN,1.5,0.5799999833106995,salt
2024-01-04T16:00:00Z,CANN,1.5,24.154142924717494,temperature
2024-01-04T16:00:00Z,CANN,1.5,0.5882856931005206,salt
2024-01-28T16:00:00Z,CANN,1.5,25.21957097734724,temperature
2024-01-28T16:00:00Z,CANN,1.5,0.5799999833106995,salt
2024-01-05T16:00:00Z,CANN,1.5,24.246428898402623,temperature
2024-01-05T16:00:00Z,CANN,1.5,0.5899999737739563,salt
2024-01-06T16:00:00Z,CANN,1.5,24.816999707903182,temperature
2024-01-06T16:00:00Z,CANN,1.5,0.5799999833106995,salt
2024-01-07T16:00:00Z,CANN,1.5,24.889428274972097,temperature
2024-01-07T16:00:00Z,CANN,1.5,0.5899999737739563,salt
2024-01-08T16:00:00Z,CANN,1.5,25.64228548322405,temperature
2024-01-08T16:00:00Z,CANN,1.5,0.5854285529681614,salt
2024-01-09T16:00:00Z,CANN,1.5,25.512714385986328,temperature
2024-01-09T16:00:00Z,CANN,1.5,0.5899999737739563,salt
2024-01-10T16:00:00Z,CANN,1.5,25.55971418108259,temperature
2024-01-10T16:00:00Z,CANN,1.5,0.5899999737739563,salt
2024-01-11T16:00:00Z,CANN,1.5,25.7098571232387,temperature
2024-01-11T16:00:00Z,CANN,1.5,0.5899999737739563,salt
2024-01-12T16:00:00Z,CANN,1.5,26.289571489606583,temperature
2024-01-12T16:00:00Z,CANN,1.5,0.5899999737739563,salt
2024-01-13T16:00:00Z,CANN,1.5,26.94457163129534,temperature
2024-01-13T16:00:00Z,CANN,1.5,0.5897142631667001,salt
2024-01-14T16:00:00Z,CANN,1.5,27.597285679408483,temperature
2024-01-14T16:00:00Z,CANN,1.5,0.5899999737739563,salt
2024-01-15T16:00:00Z,CANN,1.5,28.088714327130997,temperature
2024-01-15T16:00:00Z,CANN,1.5,0.586857123034341,salt
2024-01-16T16:00:00Z,CANN,1.5,28.916999544416154,temperature
2024-01-16T16:00:00Z,CANN,1.5,0.5799999833106995,salt
2024-01-17T16:00:00Z,CANN,1.5,28.606714248657227,temperature
2024-01-17T16:00:00Z,CANN,1.5,0.5827142766543797,salt
2024-01-18T16:00:00Z,CANN,1.5,28.297714233398438,temperature
2024-01-18T16:00:00Z,CANN,1.5,0.5799999833106995,salt
2024-01-19T16:00:00Z,CANN,1.5,27.691142763410294,temperature
2024-01-19T16:00:00Z,CANN,1.5,0.5799999833106995,salt
2024-01-20T16:00:00Z,CANN,1.5,27.201856885637557,temperature
2024-01-20T16:00:00Z,CANN,1.5,0.5799999833106995,salt
2024-01-21T16:00:00Z,CANN,1.5,27.527285984584264,temperature
2024-01-21T16:00:00Z,CANN,1.5,0.5768571325710842,salt
2024-01-23T16:00:00Z,CANN,1.5,26.35071427481515,temperature
2024-01-23T16:00:00Z,CANN,1.5,0.5799999833106995,salt
2024-01-24T16:00:00Z,CANN,1.5,25.800571169172013,temperature
2024-01-24T16:00:00Z,CANN,1.5,0.5799999833106995,salt
2024-01-25T16:00:00Z,CANN,1.5,25.09857177734375,temperature
2024-01-25T16:00:00Z,CANN,1.5,0.5799999833106995,salt
2024-01-26T16:00:00Z,CANN,1.5,24.463428224836075,temperature
2024-01-26T16:00:00Z,CANN,1.5,0.5799999833106995,salt
